ts,uid,id.orig_h,id.orig_p,id.resp_h,id.resp_p,proto,service,duration,orig_bytes,resp_bytes,conn_state,local_orig,local_resp,missed_bytes,history,orig_pkts,orig_ip_bytes,resp_pkts,resp_ip_bytes,tunnel_parents
2020-04-30 00:06:39.825897984,CZf56Z2esy56Udp99b,10.0.1.6,54243,10.0.0.4,53,udp,dns,,,,SHR,,,0,^d,0,0,1,83,
2020-04-30 00:07:59.955475200,C3IP2B3SBL9pAOE6q9,10.0.1.6,65108,10.0.0.4,53,udp,dns,,,,SHR,,,0,^d,0,0,1,132,
2020-04-30 00:09:50.836782848,CIE8cF0uF3zoXWxk6,10.0.0.4,123,10.0.1.6,123,udp,,,,,S0,,,0,D,1,148,0,0,
2020-04-30 00:06:39.828685056,CT2Y4g2wVnhdsAtwrh,10.0.1.6,56880,10.0.0.4,445,tcp,"krb,gssapi,smb",0 days 00:00:10.760004,0,1681,OTH,,,0,^hda,0,0,11,2133,
2020-04-30 00:15:23.304440064,C4cUE6PBj9uuqmj1k,10.0.1.6,54192,10.0.0.4,53,udp,dns,,,,SHR,,,0,^d,0,0,1,79,
2020-04-30 00:18:00.053144064,CLAJQX2TQaz7ejfNm4,10.0.1.6,56542,10.0.0.4,53,udp,dns,,,,SHR,,,0,^d,0,0,1,132,
2020-04-30 00:20:48.595127040,C513BP32BXOilP54i3,10.0.0.4,49667,10.0.1.6,56954,tcp,"dce_rpc,gssapi",0 days 00:00:00.037156,1098,0,OTH,,,0,HADT,8,1570,0,0,
2020-04-30 00:20:48.983251968,C56Cq8WbXg1rAN9A,10.0.0.4,389,10.0.1.6,56956,tcp,,0 days 00:00:00.368968,515,0,OTH,,,0,HADTR,8,996,0,0,
2020-04-30 00:20:48.841814016,CmRXuR2Rmf6QFktECl,10.0.0.4,389,10.0.1.6,56955,tcp,,0 days 00:00:00.514787,4544,0,OTH,,,0,HDATR,11,6595,0,0,
2020-04-30 00:20:48.592348160,CoU6qe2m4Be13IaPe4,10.0.1.6,56953,10.0.0.4,135,tcp,dce_rpc,0 days 00:00:14.711606,0,280,SHR,,,0,^hdtaf,0,0,6,704,
2020-04-30 00:21:23.331679232,CKE5vj3YEVgaGU2pP3,10.0.0.4,49667,10.0.1.6,56954,tcp,,,,,SH,,,0,AF,2,80,0,0,
2020-04-30 00:20:48.482667008,C7SkFV3RerX9ug9vSh,10.0.0.4,389,10.0.1.6,56543,udp,,,,,S0,,,0,D,1,202,0,0,
2020-04-30 00:20:48.872111104,CzoTO52oihtOhSER6g,10.0.0.4,389,10.0.1.6,56545,udp,,,,,S0,,,0,D,1,202,0,0,
2020-04-30 00:26:54.928744960,Cr07Uy2jfRwz5ed2Z9,10.0.0.4,123,10.0.1.6,123,udp,,,,,S0,,,0,D,1,148,0,0,
2020-04-30 00:28:00.103470080,CaPEdL1BIFTEJmOerb,10.0.1.6,56622,10.0.0.4,53,udp,dns,,,,SHR,,,0,^d,0,0,1,132,
2020-04-30 00:20:49.292278016,C5rojG1hHa6zS2ucB6,10.0.1.6,56957,10.0.0.4,445,tcp,"krb,gssapi,smb",0 days 00:03:03.003205,0,12520,OTH,,,0,^hdat,0,0,70,16324,
2020-04-30 00:32:43.428101120,CKOpXp3Vxr6lWikXc2,10.0.1.6,64909,10.0.0.4,53,udp,dns,,,,SHR,,,0,^d,0,0,1,193,
2020-04-30 00:33:29.274476032,CHZIDN1MKoACCleXO9,10.0.1.4,60775,10.0.1.6,5985,tcp,http,0 days 00:00:00.012038,4719,0,SH,,,0,SADF,9,5091,0,0,
2020-04-30 00:33:27.772179968,ClXgVz3TEAXQj3v5gk,10.0.1.4,60772,10.0.1.6,5985,tcp,http,0 days 00:00:01.519858999,11473,0,SH,,,0,SADF,20,12285,0,0,
2020-04-30 00:33:26.283441920,Ci2v3u20R2zIkvMwoe,10.0.1.4,60771,10.0.1.6,5985,tcp,http,0 days 00:00:03.010729,24430,0,SH,,,0,SADCF,25,14098,0,0,
2020-04-30 00:33:47.771982080,CrLY012OATdFh9p807,10.0.1.6,56837,10.0.0.4,53,udp,dns,,,,SHR,,,0,^d,0,0,1,289,
2020-04-30 00:34:54.122176000,CcQOZ69U1HZiGXbK5,10.0.0.4,49667,10.0.1.6,57025,tcp,dce_rpc,0 days 00:00:00.032401,472,0,OTH,,,0,HDT,4,988,0,0,
2020-04-30 00:34:54.196687872,C8GXkq4kVVbSpJH44l,10.0.0.4,389,10.0.1.6,57027,tcp,,0 days 00:00:00.002089999,386,0,OTH,,,0,HDAR,4,558,0,0,
2020-04-30 00:34:51.728611072,CpQCEn4ko4aCElVD6j,10.0.1.6,58829,10.0.0.4,53,udp,dns,,,,SHR,,,0,^d,0,0,1,186,
2020-04-30 00:34:51.730969856,CORhVG2GfBgnCnEpgg,10.0.1.6,52350,10.0.0.4,53,udp,dns,,,,SHR,,,0,^d,0,0,1,155,
2020-04-30 00:34:54.286920960,CifQ3y4UPt8ueeza4c,10.0.1.6,64562,10.0.0.4,53,udp,dns,,,,SHR,,,0,^d,0,0,1,138,
2020-04-30 00:34:54.117288960,CObH5v3YHvpetLGVla,10.0.1.6,57024,10.0.0.4,135,tcp,dce_rpc,0 days 00:00:12.409780,0,280,SHR,,,0,^hdtaf,0,0,6,704,
2020-04-30 00:35:06.527152896,CgwskH1ZNRuBQ4Fku4,10.0.0.4,49667,10.0.1.6,57025,tcp,,,,,SH,,,0,AF,2,80,0,0,
2020-04-30 00:35:25.606391040,CM5iobHJT9rNBIvul,10.0.1.4,60803,10.0.1.6,445,tcp,"krb,gssapi,smb",0 days 00:00:00.526528,4261160,0,S0,,,0,SADCCC,168,218084,0,0,
2020-04-30 00:35:26.036974080,CDXncc3bQcn1VOy9R4,10.0.1.4,60805,10.0.1.6,445,tcp,"gssapi,krb,smb",0 days 00:00:00.048855,2012,0,S0,,,0,SAD,6,2264,0,0,
2020-04-30 00:35:26.037337088,CxOabb3sXNExFxqIvh,10.0.1.4,60806,10.0.1.6,445,tcp,"gssapi,krb,smb",0 days 00:00:00.043535,527228,0,S0,,,0,SADCC,34,33718,0,0,
2020-04-30 00:35:26.038793984,CSS9L04bAP8XzvRZXb,10.0.1.4,60807,10.0.1.6,445,tcp,"gssapi,krb,smb",0 days 00:00:00.094125,527368,0,S0,,,0,SADCC,18,11948,0,0,
2020-04-30 00:35:36.347068928,CSAWdQ3yEmBrdEgnLk,10.0.1.4,60807,10.0.1.6,445,tcp,,,,,OTH,,,0,R,1,40,0,0,
2020-04-30 00:35:36.347072000,CMkgNH1YmxsmyFIwJ6,10.0.1.4,60803,10.0.1.6,445,tcp,,,,,OTH,,,0,R,1,40,0,0,
2020-04-30 00:35:36.345131008,CasPxX24s5hSuNdJil,10.0.1.4,60805,10.0.1.6,445,tcp,,0 days 00:00:00.001964,72,0,OTH,,,0,DR,2,152,0,0,
2020-04-30 00:35:36.345905920,C0ZDU63JK72kHINgk,10.0.1.4,60806,10.0.1.6,445,tcp,,0 days 00:00:00.001365,72,0,OTH,,,0,DR,2,152,0,0,
2020-04-30 00:34:54.009310976,CmU3KX17o2HG235B8h,10.0.0.4,389,10.0.1.6,52351,udp,,,,,S0,,,0,D,1,202,0,0,
2020-04-30 00:34:54.288587008,C5nDuG3LmFohDlNz82,10.0.0.4,389,10.0.1.6,64563,udp,,,,,S0,,,0,D,1,202,0,0,
2020-04-30 00:36:17.825392896,CCrKNL17MGRUHjSP36,10.0.1.4,60811,10.0.1.6,445,tcp,"krb,gssapi,smb",0 days 00:00:00.080135,166026,0,S0,,,0,SADC,20,6604,0,0,
2020-04-30 00:36:17.865700864,CZONgw41mY16hJpu27,10.0.1.4,60815,10.0.1.6,135,tcp,dce_rpc,0 days 00:00:00.055310,328,0,S0,,,0,SAD,5,540,0,0,
2020-04-30 00:36:17.869288960,CMPC9K1MgDI6u6IVB2,10.0.1.4,60816,10.0.1.6,55121,tcp,,0 days 00:00:03.003256,0,0,S0,,,0,S,3,156,0,0,
2020-04-30 00:36:24.874814976,Cd8sI94TfiViMSBPjd,10.0.1.4,60816,10.0.1.6,55121,tcp,,,,,S0,,,0,S,1,52,0,0,
2020-04-30 00:36:32.883645184,CTWlEy1sh4Q6WgS4Al,10.0.1.4,60816,10.0.1.6,55121,tcp,,,,,S0,,,0,S,1,52,0,0,
2020-04-30 00:36:30.341231104,C895Z11jdXnxTrn86e,10.0.1.6,64173,10.0.0.4,53,udp,dns,,,,SHR,,,0,^d,0,0,1,79,
2020-04-30 00:36:38.942483968,Cdlmg7j30t9PaSH66,10.0.0.4,389,10.0.1.6,57044,tcp,,0 days 00:00:00.007486,4007,0,OTH,,,0,HDAR,10,4419,0,0,
2020-04-30 00:36:38.950212864,CFBmci1vK1Rt35mRlk,10.0.0.4,389,10.0.1.6,57045,tcp,,0 days 00:00:00.008037,937,0,OTH,,,0,HADR,7,1229,0,0,
2020-04-30 00:36:38.953093888,CXWSJt22AuKTrMQeVl,10.0.0.4,389,10.0.1.6,57046,tcp,,0 days 00:00:00.005332,1273,0,OTH,,,0,HADR,8,1605,0,0,
2020-04-30 00:36:38.961679872,C4BpYM1Fnvrd8XGA7d,10.0.1.6,57047,10.0.0.4,88,tcp,krb_tcp,0 days 00:00:00.001775,0,182,RSTRH,,,0,^hdar,0,0,4,354,
2020-04-30 00:36:38.970573056,C44JiG4jiv69ZpSo88,10.0.1.6,57048,10.0.0.4,88,tcp,krb_tcp,0 days 00:00:00.001480,0,1535,RSTRH,,,0,^hdar,0,0,5,1747,
2020-04-30 00:36:38.972923904,CznM9s1Yu8XdN4OUed,10.0.1.6,57049,10.0.0.4,88,tcp,krb_tcp,0 days 00:00:00.001552,0,1465,RSTRH,,,0,^hadr,0,0,6,1717,
2020-04-30 00:36:39.298523904,C3oN2gERUj6I1zDC7,10.0.1.4,60819,10.0.1.6,55121,tcp,,0 days 00:00:03.014851,0,0,S0,,,0,S,3,156,0,0,
2020-04-30 00:36:46.317092864,CEsuwu3BnxQ5LhMgX5,10.0.1.4,60819,10.0.1.6,55121,tcp,,,,,S0,,,0,S,1,52,0,0,
2020-04-30 00:36:54.326994944,CY3D3fcReQpz3z1N7,10.0.1.4,60819,10.0.1.6,55121,tcp,,,,,S0,,,0,S,1,52,0,0,
2020-04-30 00:36:39.297159936,C5er3J1efptRmAvPUf,10.0.1.4,60815,10.0.1.6,135,tcp,dce_rpc,0 days 00:00:21.021406,168,0,OTH,,,0,DAR,3,288,0,0,
2020-04-30 00:36:28.568589824,CXcGN24w4VcArKfvic,10.0.1.4,60811,10.0.1.6,445,tcp,"dce_rpc,smb",0 days 00:00:42.906548,27601,0,OTH,,,0,DACR,65,11439,0,0,
2020-04-30 00:37:53.310990080,ClUARe3KKm2ujMOzS,10.0.1.4,60824,10.0.1.6,445,tcp,"krb,gssapi,smb",0 days 00:00:00.080723,166026,0,S0,,,0,SADC,24,12436,0,0,
2020-04-30 00:37:53.357014784,CqZb0v2jASi5ywiyFj,10.0.1.4,60828,10.0.1.6,135,tcp,dce_rpc,0 days 00:00:00.050446,328,0,S0,,,0,SAD,5,540,0,0,
2020-04-30 00:37:53.361604864,CIbKnp4FuW3IjKZRs2,10.0.1.4,60829,10.0.1.6,55121,tcp,,0 days 00:00:03.008784,0,0,S0,,,0,S,3,156,0,0,
2020-04-30 00:38:00.376198144,CDZBq5q5rX1UwSp5,10.0.1.4,60829,10.0.1.6,55121,tcp,,,,,S0,,,0,S,1,52,0,0,
2020-04-30 00:38:00.207535872,CUr7Xi3bGGR9YTO9nd,10.0.1.6,51985,10.0.0.4,53,udp,dns,,,,SHR,,,0,^d,0,0,1,132,
2020-04-30 00:38:08.390116096,C2k9LKPgzf9PVVpY1,10.0.1.4,60829,10.0.1.6,55121,tcp,,,,,S0,,,0,S,1,52,0,0,
2020-04-30 00:38:14.426341120,CGO2Od2wVr0Z67dEy4,10.0.0.4,389,10.0.1.6,57055,tcp,,0 days 00:00:00.005979,1273,0,OTH,,,0,HADR,8,1605,0,0,
2020-04-30 00:38:14.436801792,CixCXP1PWVsPfv9Og3,10.0.0.4,389,10.0.1.6,57057,tcp,,0 days 00:00:00.005870,1273,0,OTH,,,0,HADR,8,1605,0,0,
2020-04-30 00:38:14.434030080,Cq0GKs3ugWnvnasNlf,10.0.0.4,389,10.0.1.6,57056,tcp,,0 days 00:00:00.008662,937,0,OTH,,,0,HADR,7,1229,0,0,
2020-04-30 00:38:14.445594112,CRhvjj1IIBZUaIMvIf,10.0.1.6,57058,10.0.0.4,88,tcp,krb_tcp,0 days 00:00:00.001188,0,182,RSTRH,,,0,^hdar,0,0,4,354,
2020-04-30 00:38:14.454371072,C6piLT3l0WenU4fN66,10.0.1.6,57059,10.0.0.4,88,tcp,krb_tcp,0 days 00:00:00.001955999,0,1535,RSTRH,,,0,^hdar,0,0,5,1747,
2020-04-30 00:38:14.456461056,CvZelK1ynVcBIydQ0b,10.0.1.6,57060,10.0.0.4,88,tcp,krb_tcp,0 days 00:00:00.002620,0,1465,RSTRH,,,0,^hadr,0,0,6,1717,
2020-04-30 00:38:14.656750848,Cx7o9Vl79C6VOSZn2,10.0.1.4,60831,10.0.1.6,55121,tcp,,0 days 00:00:03.012385,0,0,S0,,,0,S,3,156,0,0,
2020-04-30 00:38:21.669699840,CCLrt41cfns9ltOMii,10.0.1.4,60831,10.0.1.6,55121,tcp,,,,,S0,,,0,S,1,52,0,0,
2020-04-30 00:33:28.214093824,CEcuQw1M21j26bM1v8,10.0.1.4,60774,10.0.1.6,5985,tcp,http,0 days 00:00:01.074699,16130,0,SH,,,0,SADCF,21,12728,0,0,
2020-04-30 00:38:29.672723968,CeXeVv46SJwwMGyyTf,10.0.1.4,60831,10.0.1.6,55121,tcp,,,,,S0,,,0,S,1,52,0,0,
2020-04-30 00:38:14.655294976,CwU8rh4fUtASvql2vc,10.0.1.4,60828,10.0.1.6,135,tcp,dce_rpc,0 days 00:00:21.028759,168,0,OTH,,,0,DAR,3,288,0,0,
2020-04-30 00:38:39.484569088,C27Q2U1qGGZH6nAafj,10.0.0.4,49667,10.0.1.6,57064,tcp,"dce_rpc,gssapi",0 days 00:00:00.033904,1034,0,OTH,,,0,HADT,8,1506,0,0,
2020-04-30 00:38:04.038067200,CtDyRl3peudWf53Zzj,10.0.1.4,60824,10.0.1.6,445,tcp,"dce_rpc,smb",0 days 00:00:42.917445,27601,0,OTH,,,0,DACR,65,11439,0,0,
2020-04-30 00:38:39.480933888,Cn3BBn2ERICv5YFLR1,10.0.1.6,57063,10.0.0.4,135,tcp,dce_rpc,0 days 00:00:14.991733,0,280,SHR,,,0,^hdtaf,0,0,6,704,
2020-04-30 00:39:14.473102080,CYAEdpFiBFZO7byKh,10.0.0.4,49667,10.0.1.6,57064,tcp,,0 days 00:00:00.000001,0,0,SH,,,0,AF,2,80,0,0,
2020-04-30 00:39:42.597137920,CW6TzDClt2fRVGng,10.0.1.4,60838,10.0.1.6,445,tcp,,0 days 00:00:00.025717,301,0,OTH,,,0,SADR,5,513,0,0,
2020-04-30 00:39:42.711929088,CvHgo51ijzoi6RIKc9,10.0.1.4,60839,10.0.1.6,80,tcp,,0 days 00:00:03.010802,0,0,S0,,,0,S,3,156,0,0,
2020-04-30 00:34:54.199963136,CithlUuNuX74uuFzj,10.0.0.4,389,10.0.1.6,57028,tcp,,0 days 00:00:00.009282,6019,0,OTH,,,0,HDACR,7,3475,0,0,
2020-04-30 00:34:54.210699008,Cj6jjp1uBdmNSF7zJ8,10.0.0.4,389,10.0.1.6,57029,tcp,,0 days 00:00:00.378829,16107,0,OTH,,,0,HADCTR,21,7057,0,0,
2020-04-30 00:39:49.737575168,C1HYMi45pbHjiyRbxc,10.0.1.4,60839,10.0.1.6,80,tcp,,,,,S0,,,0,S,1,52,0,0,
2020-04-30 00:39:57.752120064,CBHhoc1MHuXsgtHCD2,10.0.1.4,60839,10.0.1.6,80,tcp,,,,,S0,,,0,S,1,52,0,0,
2020-04-30 00:34:54.130942208,CKID7x1vmKDrhHW2e4,10.0.1.6,57026,10.0.0.4,445,tcp,"krb,gssapi,smb",0 days 00:00:10.735918,0,16305,OTH,,,0,^hdat,0,0,125,21701,
2020-04-30 00:40:03.754964224,CnSuSr2M1zAkvAl34k,10.0.1.4,60843,10.0.1.6,445,tcp,,0 days 00:00:00.005702,301,0,OTH,,,0,SADR,5,513,0,0,
2020-04-30 00:40:03.762622208,CEXApu1o1WgILu92le,10.0.1.4,60844,10.0.1.6,445,tcp,,0 days 00:00:00.003167,228,0,OTH,,,0,SADR,4,400,0,0,
2020-04-30 00:40:03.766482944,Co3MyK1beqAE6ALdqd,10.0.1.4,60845,10.0.1.6,445,tcp,,0 days 00:00:00.003200,228,0,OTH,,,0,SADR,4,400,0,0,
2020-04-30 00:40:03.771393024,CwViR81bmR0sU3qyX7,10.0.1.4,60846,10.0.1.6,445,tcp,,0 days 00:00:00.002058,228,0,OTH,,,0,SADR,4,400,0,0,
2020-04-30 00:40:03.774183936,Ct8FyTbC3iTvRDlQk,10.0.1.4,60847,10.0.1.6,445,tcp,,0 days 00:00:00.002383,228,0,OTH,,,0,SADR,4,400,0,0,
2020-04-30 00:40:03.777765120,C3cjmh38zxsPj6Okmj,10.0.1.4,60848,10.0.1.6,445,tcp,,0 days 00:00:00.002368,228,0,OTH,,,0,SADR,4,400,0,0,
2020-04-30 00:40:03.781574912,C1BKpX2YpIOphzFmY8,10.0.1.4,60849,10.0.1.6,445,tcp,,0 days 00:00:00.003968,228,0,OTH,,,0,SADR,4,400,0,0,
2020-04-30 00:40:03.166380032,CK7yu9ZVCcFSZ6cN6,10.0.1.6,50954,10.0.0.4,53,udp,dns,,,,SHR,,,0,^d,0,0,1,179,
2020-04-30 00:40:03.292823040,CaSb6321X3FPuwLp75,10.0.1.6,64035,10.0.0.4,53,udp,dns,,,,SHR,,,0,^d,0,0,1,108,
2020-04-30 00:40:22.417683968,Cb62jZzZCTKiCFRZ5,10.0.1.4,60853,10.0.1.6,445,tcp,"krb,gssapi,smb",0 days 00:00:00.069719,166026,0,S0,,,0,SADC,19,5146,0,0,
2020-04-30 00:40:22.457252864,CVownM3G6Ybgb51K5,10.0.1.4,60857,10.0.1.6,135,tcp,dce_rpc,0 days 00:00:00.045687,328,0,S0,,,0,SAD,5,540,0,0,
2020-04-30 00:40:22.462123008,CexYLi4kOAfafvi8Fj,10.0.1.4,60858,10.0.1.6,55121,tcp,,0 days 00:00:03.006284,0,0,S0,,,0,S,3,156,0,0,
2020-04-30 00:40:29.482755072,C0vvoK3KgjKI7fjDhi,10.0.1.4,60858,10.0.1.6,55121,tcp,,,,,S0,,,0,S,1,52,0,0,
2020-04-30 00:40:37.486216192,CS1kLH1RksxrPNjZE6,10.0.1.4,60858,10.0.1.6,55121,tcp,,,,,S0,,,0,S,1,52,0,0,
2020-04-30 00:40:43.701908992,CUx1XI3U28UN6o6YUg,10.0.0.4,389,10.0.1.6,57083,tcp,,0 days 00:00:00.006843,1273,0,OTH,,,0,HADR,8,1605,0,0,
2020-04-30 00:40:43.709929984,CgrOk7Sv3dJQ4YUN,10.0.0.4,389,10.0.1.6,57084,tcp,,0 days 00:00:00.012060,937,0,OTH,,,0,HADR,7,1229,0,0,
2020-04-30 00:40:43.713880064,Cs47Dn3TDAeUHVR3Kd,10.0.0.4,389,10.0.1.6,57085,tcp,,0 days 00:00:00.009733,1273,0,OTH,,,0,HADR,8,1605,0,0,
2020-04-30 00:40:43.724483840,CkONW72A2rlE1UmN5,10.0.1.6,57086,10.0.0.4,88,tcp,krb_tcp,0 days 00:00:00.003507,0,182,RSTRH,,,0,^hdar,0,0,4,354,
2020-04-30 00:40:43.732919808,CcdkW62atmPgq3mTQc,10.0.1.6,57087,10.0.0.4,88,tcp,krb_tcp,0 days 00:00:00.001845,0,1535,RSTRH,,,0,^hdar,0,0,5,1747,
2020-04-30 00:40:43.734828032,CxK7b9428slv60NGsk,10.0.1.6,57088,10.0.0.4,88,tcp,krb_tcp,0 days 00:00:00.002092,0,1465,RSTRH,,,0,^hadr,0,0,6,1717,
2020-04-30 00:40:44.733177856,ChV8pd1O9dFYRURcT2,192.168.0.4,8443,10.0.1.6,57091,tcp,,0 days 00:00:00.242855,55873,0,SH,,,0,HADCF,6,2241,0,0,
2020-04-30 00:40:44.996624896,CZtMq32hrHuCrisBsf,192.168.0.4,8443,10.0.1.6,57092,tcp,,0 days 00:00:00.008421,1823,0,SH,,,0,HADF,6,2075,0,0,
2020-04-30 00:40:45.006258944,CaVxFS0cQJHKmjrh2,192.168.0.4,8443,10.0.1.6,57093,tcp,,0 days 00:00:00.007124,1823,0,SH,,,0,HADF,6,2075,0,0,
2020-04-30 00:40:45.122040064,CgEHoW2gvCdlP43pCj,192.168.0.4,8443,10.0.1.6,57094,tcp,,0 days 00:00:00.007979,2396,0,SH,,,0,HADF,6,2648,0,0,
2020-04-30 00:40:45.132153088,Ch8JwV2c1uEUNA00Ta,192.168.0.4,8443,10.0.1.6,57095,tcp,,0 days 00:00:00.007248,1823,0,SH,,,0,HADF,6,2075,0,0,
2020-04-30 00:40:45.140567040,Cd7xa24XKp8QJ8wCib,192.168.0.4,8443,10.0.1.6,57096,tcp,,0 days 00:00:00.006876,1921,0,SH,,,0,HADF,6,2173,0,0,
2020-04-30 00:40:45.165572864,CqB4np4DDioqgU8tw4,192.168.0.4,8443,10.0.1.6,57097,tcp,,0 days 00:00:00.007801,1823,0,SH,,,0,HADF,6,2075,0,0,
2020-04-30 00:40:45.174796032,CAOsSe31RSCI2KWGLl,192.168.0.4,8443,10.0.1.6,57098,tcp,,0 days 00:00:00.009703,1952,0,SH,,,0,HADF,6,2204,0,0,
2020-04-30 00:40:45.186569984,CcwGIy2oFXgdXS6W05,192.168.0.4,8443,10.0.1.6,57099,tcp,,0 days 00:00:00.009045,1823,0,SH,,,0,HADF,6,2075,0,0,
2020-04-30 00:40:45.196760832,C5xF9J3S6E4jah9e6h,192.168.0.4,8443,10.0.1.6,57100,tcp,,0 days 00:00:00.008465,1937,0,SH,,,0,HADF,6,2189,0,0,
2020-04-30 00:40:45.207173120,CUiCRW1pYEdjTOfUZg,192.168.0.4,8443,10.0.1.6,57101,tcp,,0 days 00:00:00.008035,1823,0,SH,,,0,HADF,6,2075,0,0,
2020-04-30 00:40:45.216711168,C3l2m4GiSZGtQ12xg,192.168.0.4,8443,10.0.1.6,57102,tcp,,0 days 00:00:00.052405,99201,0,SH,,,0,HADCF,7,4487,0,0,
2020-04-30 00:40:45.331252992,CpP7Xi3rLLFiD6piS8,192.168.0.4,8443,10.0.1.6,57103,tcp,,0 days 00:00:00.008960,1823,0,SH,,,0,HADF,6,2075,0,0,
2020-04-30 00:40:45.341597952,CZAA1x1G4NESIQZt7d,192.168.0.4,8443,10.0.1.6,57104,tcp,,0 days 00:00:00.010431,1823,0,SH,,,0,HADF,6,2075,0,0,
2020-04-30 00:40:45.354088960,Cu52S51MQCPtOfMVn3,192.168.0.4,8443,10.0.1.6,57105,tcp,,0 days 00:00:00.008378999,1823,0,SH,,,0,HADF,6,2075,0,0,
2020-04-30 00:40:45.465536000,CqJz4n1mEdDN3sxlXj,192.168.0.4,8443,10.0.1.6,57106,tcp,,0 days 00:00:00.048332,1921,0,SH,,,0,HADF,6,2173,0,0,
2020-04-30 00:40:45.516045056,CknAAA31dZirQlJpIh,192.168.0.4,8443,10.0.1.6,57107,tcp,,0 days 00:00:00.009383,1823,0,SH,,,0,HADF,6,2075,0,0,
2020-04-30 00:40:45.527313920,CAmH6g3tSibHN0xb4,192.168.0.4,8443,10.0.1.6,57108,tcp,,0 days 00:00:00.006311,1931,0,SH,,,0,HADF,6,2183,0,0,
2020-04-30 00:40:45.535224832,ChZPCA6B5g7rPIqYf,192.168.0.4,8443,10.0.1.6,57109,tcp,,0 days 00:00:00.006495,1823,0,SH,,,0,HADF,6,2075,0,0,
2020-04-30 00:40:45.544069120,CkwH0l3oQLcOAmskk8,192.168.0.4,8443,10.0.1.6,57110,tcp,,0 days 00:00:00.008045,1932,0,SH,,,0,HADF,6,2184,0,0,
2020-04-30 00:40:45.554253056,C2pTwj2VmyAGR4tSrb,192.168.0.4,8443,10.0.1.6,57111,tcp,,0 days 00:00:00.008302,1823,0,SH,,,0,HADF,6,2075,0,0,
2020-04-30 00:40:45.563691008,CLyrdm2ffUK3KoUJs7,192.168.0.4,8443,10.0.1.6,57112,tcp,,0 days 00:00:00.005932,1944,0,SH,,,0,HADF,6,2196,0,0,
2020-04-30 00:40:45.570912000,CUNRCNn5g9OfO9sU8,192.168.0.4,8443,10.0.1.6,57113,tcp,,0 days 00:00:00.006839,1823,0,SH,,,0,HADF,6,2075,0,0,
2020-04-30 00:40:45.579222016,CrwYb13EOHb5bMTkE8,192.168.0.4,8443,10.0.1.6,57114,tcp,,0 days 00:00:00.005550,1939,0,SH,,,0,HADF,6,2191,0,0,
2020-04-30 00:40:45.586856960,CRVpfu3k4bA5WeJBm9,192.168.0.4,8443,10.0.1.6,57115,tcp,,0 days 00:00:00.007197,1823,0,SH,,,0,HADF,6,2075,0,0,
2020-04-30 00:40:45.595959808,CvYm5h15bfJYwh42oh,192.168.0.4,8443,10.0.1.6,57116,tcp,,0 days 00:00:00.006974,1935,0,SH,,,0,HADF,6,2187,0,0,
2020-04-30 00:40:45.604404992,ClHYXLl0LpBhUbSW3,192.168.0.4,8443,10.0.1.6,57117,tcp,,0 days 00:00:00.006118,1823,0,SH,,,0,HADF,6,2075,0,0,
2020-04-30 00:40:45.611664896,CKAldU3MONtt953fHd,192.168.0.4,8443,10.0.1.6,57118,tcp,,0 days 00:00:00.006967,1823,0,SH,,,0,HADF,6,2075,0,0,
2020-04-30 00:40:45.619636992,CkYu3C2bZNg36NA4Rh,192.168.0.4,8443,10.0.1.6,57119,tcp,,0 days 00:00:00.007237,1823,0,SH,,,0,HADF,6,2075,0,0,
2020-04-30 00:40:45.731372032,CroFNl3mTJgejErCM9,192.168.0.4,8443,10.0.1.6,57120,tcp,,0 days 00:00:00.008967,1823,0,SH,,,0,HADF,6,2075,0,0,
2020-04-30 00:40:45.934635008,CdVDsO1jwtDUkEfKDi,192.168.0.4,8443,10.0.1.6,57121,tcp,,0 days 00:00:00.008286,1823,0,SH,,,0,HADF,6,2075,0,0,
2020-04-30 00:40:46.247175936,CoBH8m3ZZzjQrRZPmj,192.168.0.4,8443,10.0.1.6,57122,tcp,,0 days 00:00:00.010887,1823,0,SH,,,0,HADF,6,2075,0,0,
2020-04-30 00:40:46.653639168,CO6sWWPpZRlm6bBs9,192.168.0.4,8443,10.0.1.6,57123,tcp,,0 days 00:00:00.009513,1823,0,SH,,,0,HADF,6,2075,0,0,
2020-04-30 00:40:47.153858816,CXX6KK29pgkpByZ9Z,192.168.0.4,8443,10.0.1.6,57124,tcp,,0 days 00:00:00.009289,1823,0,SH,,,0,HADF,6,2075,0,0,
2020-04-30 00:40:47.763563008,CPu6kV3pgbfXeu4rZ3,192.168.0.4,8443,10.0.1.6,57125,tcp,,0 days 00:00:00.011608,1823,0,SH,,,0,HADF,6,2075,0,0,
2020-04-30 00:40:48.467086080,C5ge6H28WhfuGgRMj9,192.168.0.4,8443,10.0.1.6,57126,tcp,,0 days 00:00:00.009094,1823,0,SH,,,0,HADF,6,2075,0,0,
2020-04-30 00:40:49.280397824,CO9rIj2aKS5OVUFGNf,192.168.0.4,8443,10.0.1.6,57127,tcp,,0 days 00:00:00.010464,1823,0,SH,,,0,HADF,6,2075,0,0,
2020-04-30 00:40:50.189543936,Co3iwDwj7xepvSt2a,192.168.0.4,8443,10.0.1.6,57128,tcp,,0 days 00:00:00.009332,1823,0,SH,,,0,HADF,6,2075,0,0,
2020-04-30 00:40:51.190540032,CAaI8r3vNXGs32rLye,192.168.0.4,8443,10.0.1.6,57129,tcp,,0 days 00:00:00.008603,1823,0,SH,,,0,HADF,6,2075,0,0,
2020-04-30 00:40:52.299540992,Czo7YV1JU3swfc6bG1,192.168.0.4,8443,10.0.1.6,57130,tcp,,0 days 00:00:00.008066,1823,0,SH,,,0,HADF,6,2075,0,0,
2020-04-30 00:40:53.502711040,CSnCPn186X0ZTK7aHk,192.168.0.4,8443,10.0.1.6,57131,tcp,,0 days 00:00:00.011225,1823,0,SH,,,0,HADF,6,2075,0,0,
2020-04-30 00:40:54.815537920,CGPZzF2JyY9fEbojM8,192.168.0.4,8443,10.0.1.6,57132,tcp,,0 days 00:00:00.007964,1823,0,SH,,,0,HADF,6,2075,0,0,
2020-04-30 00:40:56.223248128,CdzWM31NFbOgt3cZlk,192.168.0.4,8443,10.0.1.6,57133,tcp,,0 days 00:00:00.007577,1823,0,SH,,,0,HADF,6,2075,0,0,
2020-04-30 00:40:57.732669184,ClTTbo41EMHlM9zyQc,192.168.0.4,8443,10.0.1.6,57135,tcp,,0 days 00:00:00.007566,1823,0,SH,,,0,HADF,6,2075,0,0,
2020-04-30 00:40:59.332717056,CezRc94H3H6iHObNza,192.168.0.4,8443,10.0.1.6,57136,tcp,,0 days 00:00:00.008366,1823,0,SH,,,0,HADF,6,2075,0,0,
2020-04-30 00:41:01.045104896,Cu0jvi1oBXZZXDxYY3,192.168.0.4,8443,10.0.1.6,57137,tcp,,0 days 00:00:00.007812,1823,0,SH,,,0,HADF,6,2075,0,0,
2020-04-30 00:41:02.845114112,CSfCkK2UyipvcXHL5i,192.168.0.4,8443,10.0.1.6,57138,tcp,,0 days 00:00:00.009308,1823,0,SH,,,0,HADF,6,2075,0,0,
2020-04-30 00:41:04.745000960,CcSLnV70Z2skDr701,192.168.0.4,8443,10.0.1.6,57139,tcp,,0 days 00:00:00.008725,1823,0,SH,,,0,HADF,6,2075,0,0,
2020-04-30 00:41:06.745889024,CdcXGk1MFwhXnbu5I2,192.168.0.4,8443,10.0.1.6,57140,tcp,,0 days 00:00:00.008573,1823,0,SH,,,0,HADF,6,2075,0,0,
2020-04-30 00:41:08.846193920,CLJaqx3KI68wiyQ6Ji,192.168.0.4,8443,10.0.1.6,57141,tcp,,0 days 00:00:00.008902,1823,0,SH,,,0,HADF,6,2075,0,0,
2020-04-30 00:41:11.052051968,CeSMfB22PvZXbOZRYf,192.168.0.4,8443,10.0.1.6,57142,tcp,,0 days 00:00:00.008816,1823,0,SH,,,0,HADF,6,2075,0,0,
2020-04-30 00:41:13.353488896,C5HPqI1GxwtaNB1zF6,192.168.0.4,8443,10.0.1.6,57143,tcp,,0 days 00:00:00.007458,1823,0,SH,,,0,HADF,6,2075,0,0,
2020-04-30 00:41:15.767500032,C6ewrq2mf48nOWEBHb,192.168.0.4,8443,10.0.1.6,57144,tcp,,0 days 00:00:00.008248,1823,0,SH,,,0,HADF,6,2075,0,0,
2020-04-30 00:41:18.268632832,CWUjRC21hrO0wNK96b,192.168.0.4,8443,10.0.1.6,57145,tcp,,0 days 00:00:00.009069,1823,0,SH,,,0,HADF,6,2075,0,0,
2020-04-30 00:41:20.868408832,CCh1Ze1dOoMHPOuW3k,192.168.0.4,8443,10.0.1.6,57146,tcp,,0 days 00:00:00.009352,1823,0,SH,,,0,HADF,6,2075,0,0,
2020-04-30 00:41:22.418759168,CB01vBxTz8qBosIba,10.0.1.4,60857,10.0.1.6,135,tcp,,0 days 00:00:00.000703,0,0,SH,,,0,FA,2,80,0,0,
2020-04-30 00:41:23.568846080,CjBn4f4tzitxtHXJH4,192.168.0.4,8443,10.0.1.6,57147,tcp,,0 days 00:00:00.011078,1823,0,SH,,,0,HADF,6,2075,0,0,
2020-04-30 00:41:26.384404992,CxfJ6v2xbnlIVHpiba,192.168.0.4,8443,10.0.1.6,57148,tcp,,0 days 00:00:00.008541,1823,0,SH,,,0,HADF,6,2075,0,0,
2020-04-30 00:41:29.295279104,C5NCt53nL9ktQt43n2,192.168.0.4,8443,10.0.1.6,57149,tcp,,0 days 00:00:00.008880,1823,0,SH,,,0,HADF,6,2075,0,0,
2020-04-30 00:41:32.297018112,CtFPrr10mEDhTHEhge,192.168.0.4,8443,10.0.1.6,57150,tcp,,0 days 00:00:00.010051,1823,0,SH,,,0,HADF,6,2075,0,0,
2020-04-30 00:41:35.395629056,CGuBN61VkJpg0IzzAj,192.168.0.4,8443,10.0.1.6,57151,tcp,,0 days 00:00:00.008581,1823,0,SH,,,0,HADF,6,2075,0,0,
2020-04-30 00:41:38.606298880,CjTZhB3eKfB7YyURle,192.168.0.4,8443,10.0.1.6,57152,tcp,,0 days 00:00:00.008127,1823,0,SH,,,0,HADF,6,2075,0,0,
2020-04-30 00:41:41.922057984,ClWZRu3lgEvFKi2V0g,192.168.0.4,8443,10.0.1.6,57153,tcp,,0 days 00:00:00.009256,1823,0,SH,,,0,HADF,6,2075,0,0,
2020-04-30 00:41:45.321582080,Csb8Qm2s1HWEWn1asd,192.168.0.4,8443,10.0.1.6,57154,tcp,,0 days 00:00:00.010777,1823,0,SH,,,0,HADF,6,2075,0,0,
2020-04-30 00:36:40.049616128,CJG57q2HKVFCx7eSY5,10.0.1.6,57052,10.0.0.4,445,tcp,"krb,gssapi,smb",0 days 00:00:10.922877,0,1681,OTH,,,0,^hda,0,0,11,2133,
2020-04-30 00:41:48.822604032,CS55DvfElRM9lSXHk,192.168.0.4,8443,10.0.1.6,57155,tcp,,0 days 00:00:00.008377,1823,0,SH,,,0,HADF,6,2075,0,0,
2020-04-30 00:41:52.429281024,CAnbLlf3rwd0gz6I6,192.168.0.4,8443,10.0.1.6,57156,tcp,,0 days 00:00:00.007391,1953,0,SH,,,0,HADF,6,2205,0,0,
2020-04-30 00:41:52.438123008,CLzcFA482TV8buXvu7,192.168.0.4,8443,10.0.1.6,57157,tcp,,0 days 00:00:00.005912,1823,0,SH,,,0,HADF,6,2075,0,0,
2020-04-30 00:41:52.445112832,COT15v4IGLYB4YTEE7,192.168.0.4,8443,10.0.1.6,57158,tcp,,0 days 00:00:00.007284,2015,0,SH,,,0,HADF,6,2267,0,0,
2020-04-30 00:41:52.454621184,CPiIokFJ2bFNtzn8j,192.168.0.4,8443,10.0.1.6,57159,tcp,,0 days 00:00:00.007780,1823,0,SH,,,0,HADF,6,2075,0,0,
2020-04-30 00:41:52.463603968,CO1Bst3v5MVu2xv5Bg,192.168.0.4,8443,10.0.1.6,57160,tcp,,0 days 00:00:00.309985,606844,0,SH,,,0,HADCCF,11,7482,0,0,
2020-04-30 00:41:53.038091776,Crd06P2eySxiCG4zJd,192.168.0.4,8443,10.0.1.6,57161,tcp,,0 days 00:00:00.008515,1823,0,SH,,,0,HADF,6,2075,0,0,
2020-04-30 00:41:53.047971072,CvQ9le1TSDVhx9d5Kf,192.168.0.4,8443,10.0.1.6,57162,tcp,,0 days 00:00:00.006644,1936,0,SH,,,0,HADF,6,2188,0,0,
2020-04-30 00:41:53.056293120,CYhQp51fVM0hVM5q9e,192.168.0.4,8443,10.0.1.6,57163,tcp,,0 days 00:00:00.006572,1823,0,SH,,,0,HADF,6,2075,0,0,
2020-04-30 00:41:53.063940096,CUBkxO3dkURCPcKXMk,192.168.0.4,8443,10.0.1.6,57164,tcp,,0 days 00:00:00.007692,1936,0,SH,,,0,HADF,6,2188,0,0,
2020-04-30 00:41:53.073020928,Cl9L5m2FFOaMTG6cR4,192.168.0.4,8443,10.0.1.6,57165,tcp,,0 days 00:00:00.006533,1823,0,SH,,,0,HADF,6,2075,0,0,
2020-04-30 00:41:53.080677888,CzTwGF3IxJad1528W9,192.168.0.4,8443,10.0.1.6,57166,tcp,,0 days 00:00:00.022735,1937,0,SH,,,0,HADF,6,2189,0,0,
2020-04-30 00:41:53.105020160,C3Ioz31a6SgCI5QJte,192.168.0.4,8443,10.0.1.6,57167,tcp,,0 days 00:00:00.015562,1823,0,SH,,,0,HADF,6,2075,0,0,
2020-04-30 00:41:53.121820928,CauLUd3XEoBuefnWs9,192.168.0.4,8443,10.0.1.6,57168,tcp,,0 days 00:00:00.006993,1823,0,SH,,,0,HADF,6,2075,0,0,
2020-04-30 00:41:53.130281984,CcDspr3gnyBKUyd5l,192.168.0.4,8443,10.0.1.6,57169,tcp,,0 days 00:00:00.006816,1823,0,SH,,,0,HADF,6,2075,0,0,
2020-04-30 00:41:53.224092928,CLuyzQ1P0fOVyyfl28,192.168.0.4,8443,10.0.1.6,57170,tcp,,0 days 00:00:00.012170,1823,0,SH,,,0,HADF,6,2075,0,0,
2020-04-30 00:41:53.424324864,C6CPri2DafutXlhl26,192.168.0.4,8443,10.0.1.6,57171,tcp,,0 days 00:00:00.010057,1823,0,SH,,,0,HADF,6,2075,0,0,
2020-04-30 00:41:53.724126976,CTND2644GcdCdPuwNf,192.168.0.4,8443,10.0.1.6,57172,tcp,,0 days 00:00:00.009178,1823,0,SH,,,0,HADF,6,2075,0,0,
2020-04-30 00:41:54.124315136,C2pN0Y1MJnXkDDYtqh,192.168.0.4,8443,10.0.1.6,57173,tcp,,0 days 00:00:00.008064999,1823,0,SH,,,0,HADF,6,2075,0,0,
2020-04-30 00:41:54.624649984,CVOVe91blJ8CZeKJ6j,192.168.0.4,8443,10.0.1.6,57174,tcp,,0 days 00:00:00.007641,1823,0,SH,,,0,HADF,6,2075,0,0,
2020-04-30 00:41:55.224921856,CGsw6G2vCAbHsIPVR9,192.168.0.4,8443,10.0.1.6,57175,tcp,,0 days 00:00:00.009225,1823,0,SH,,,0,HADF,6,2075,0,0,
2020-04-30 00:41:55.937573888,CHUihy44oJNrTHCG4d,192.168.0.4,8443,10.0.1.6,57176,tcp,,0 days 00:00:00.008267,1823,0,SH,,,0,HADF,6,2075,0,0,
2020-04-30 00:41:56.739692800,Cyb1mL2aB4CcFlGsb,192.168.0.4,8443,10.0.1.6,57177,tcp,,0 days 00:00:00.008845,1823,0,SH,,,0,HADF,6,2075,0,0,
2020-04-30 00:41:57.638210048,CdWuG81pfUUvQWrS69,192.168.0.4,8443,10.0.1.6,57178,tcp,,0 days 00:00:00.009156,1823,0,SH,,,0,HADF,6,2075,0,0,
2020-04-30 00:41:58.638398976,Co16OG3Q3fuCdsIfw1,192.168.0.4,8443,10.0.1.6,57179,tcp,,0 days 00:00:00.007834,1823,0,SH,,,0,HADF,6,2075,0,0,
2020-04-30 00:41:59.742439936,Cg1oIt2wPDXs0mB0R,192.168.0.4,8443,10.0.1.6,57180,tcp,,0 days 00:00:00.007681,1823,0,SH,,,0,HADF,6,2075,0,0,
2020-04-30 00:42:00.950516992,C3JbytWdtlxyPcJ62,192.168.0.4,8443,10.0.1.6,57181,tcp,,0 days 00:00:00.010559,1959,0,SH,,,0,HADF,6,2211,0,0,
2020-04-30 00:42:00.962841088,C3wibUtiiXZeHX0bg,192.168.0.4,8443,10.0.1.6,57182,tcp,,0 days 00:00:00.006380,1823,0,SH,,,0,HADF,6,2075,0,0,
2020-04-30 00:42:00.970291968,COnW6S23A58OpdJxXi,192.168.0.4,8443,10.0.1.6,57183,tcp,,0 days 00:00:00.008111999,2021,0,SH,,,0,HADF,6,2273,0,0,
2020-04-30 00:42:00.980736000,CstxqF4Cg1RSYrJLId,192.168.0.4,8443,10.0.1.6,57184,tcp,,0 days 00:00:00.007830,1823,0,SH,,,0,HADF,6,2075,0,0,
2020-04-30 00:42:00.990020864,CjqdTHbyIgc1ZjbP8,192.168.0.4,8443,10.0.1.6,57185,tcp,,0 days 00:00:00.134786,248923,0,SH,,,0,HADCCF,6,2443,0,0,
2020-04-30 00:42:01.224184064,Cd5ptB1HPxKwxHRHjd,192.168.0.4,8443,10.0.1.6,57186,tcp,,0 days 00:00:00.008281999,1823,0,SH,,,0,HADF,6,2075,0,0,
2020-04-30 00:42:01.234065920,CuzpLahCkoeWaXJWh,192.168.0.4,8443,10.0.1.6,57187,tcp,,0 days 00:00:00.008014,1936,0,SH,,,0,HADF,6,2188,0,0,
2020-04-30 00:42:01.243599872,CO8MVI3DnIlliCCYvg,192.168.0.4,8443,10.0.1.6,57188,tcp,,0 days 00:00:00.006915,1823,0,SH,,,0,HADF,6,2075,0,0,
2020-04-30 00:42:01.251643904,CbNb8d3t3hk1azECjl,192.168.0.4,8443,10.0.1.6,57189,tcp,,0 days 00:00:00.006003,1936,0,SH,,,0,HADF,6,2188,0,0,
2020-04-30 00:42:01.259414784,CUZ1Fqn1q6F9G7HKa,192.168.0.4,8443,10.0.1.6,57190,tcp,,0 days 00:00:00.006600,1823,0,SH,,,0,HADF,6,2075,0,0,
2020-04-30 00:42:01.267091968,CI4wYza4HWD4bU94e,192.168.0.4,8443,10.0.1.6,57191,tcp,,0 days 00:00:00.021126,1937,0,SH,,,0,HADF,6,2189,0,0,
2020-04-30 00:42:01.290294016,CatzDD10H9lCnVHgk,192.168.0.4,8443,10.0.1.6,57192,tcp,,0 days 00:00:00.015604,1823,0,SH,,,0,HADF,6,2075,0,0,
2020-04-30 00:42:01.308774912,CABoPVU2yE2i60v28,192.168.0.4,8443,10.0.1.6,57193,tcp,,0 days 00:00:00.010058,1823,0,SH,,,0,HADF,6,2075,0,0,
2020-04-30 00:42:01.320221952,CV2nts2nXOhUVN6UQe,192.168.0.4,8443,10.0.1.6,57194,tcp,,0 days 00:00:00.006655,1823,0,SH,,,0,HADF,6,2075,0,0,
2020-04-30 00:42:01.423309056,CbVorz1InjuOS6KLOl,192.168.0.4,8443,10.0.1.6,57195,tcp,,0 days 00:00:00.009827,1823,0,SH,,,0,HADF,6,2075,0,0,
2020-04-30 00:42:01.626508032,CP5Vd82SEszuJQLU4g,192.168.0.4,8443,10.0.1.6,57196,tcp,,0 days 00:00:00.008904,1823,0,SH,,,0,HADF,6,2075,0,0,
2020-04-30 00:42:01.926473984,C9V7wy15cvXJEALHe3,192.168.0.4,8443,10.0.1.6,57197,tcp,,0 days 00:00:00.008498,1823,0,SH,,,0,HADF,6,2075,0,0,
2020-04-30 00:42:02.326586880,CWwz492iqZQJeddxH,192.168.0.4,8443,10.0.1.6,57198,tcp,,0 days 00:00:00.007849,1823,0,SH,,,0,HADF,6,2075,0,0,
2020-04-30 00:42:02.827066880,CKD7WhJeJf87tQuJe,192.168.0.4,8443,10.0.1.6,57199,tcp,,0 days 00:00:00.008116,1823,0,SH,,,0,HADF,6,2075,0,0,
2020-04-30 00:42:03.440329984,CmXvGi3zYaEw2C9lf,192.168.0.4,8443,10.0.1.6,57200,tcp,,0 days 00:00:00.008902,1823,0,SH,,,0,HADF,6,2075,0,0,
2020-04-30 00:42:04.139840000,C5jmG6RdLEjg678Kc,192.168.0.4,8443,10.0.1.6,57201,tcp,,0 days 00:00:00.009743,1823,0,SH,,,0,HADF,6,2075,0,0,
2020-04-30 00:42:04.952370944,ChwkOD28RfmgCtMRG5,192.168.0.4,8443,10.0.1.6,57202,tcp,,0 days 00:00:00.010449,1823,0,SH,,,0,HADF,6,2075,0,0,
2020-04-30 00:42:05.868797952,CEewrM2pzrXPhNpqwg,192.168.0.4,8443,10.0.1.6,57203,tcp,,0 days 00:00:00.009484,1823,0,SH,,,0,HADF,6,2075,0,0,
2020-04-30 00:42:06.867918848,CoH6OY3Z3NXT7hkK88,192.168.0.4,8443,10.0.1.6,57204,tcp,,0 days 00:00:00.008788,1823,0,SH,,,0,HADF,6,2075,0,0,
2020-04-30 00:42:07.969111040,C9opDNQYUrEkpX3Nh,192.168.0.4,8443,10.0.1.6,57205,tcp,,0 days 00:00:00.009702,1823,0,SH,,,0,HADF,6,2075,0,0,
2020-04-30 00:42:09.170003968,CyQSn825yQPgzEqzi4,192.168.0.4,8443,10.0.1.6,57206,tcp,,0 days 00:00:00.008134,1968,0,SH,,,0,HADF,6,2220,0,0,
2020-04-30 00:42:09.189590016,CbXQYTf3Ivy5vVaJb,192.168.0.4,8443,10.0.1.6,57207,tcp,,0 days 00:00:00.009318,1823,0,SH,,,0,HADF,6,2075,0,0,
2020-04-30 00:42:09.201613824,CHA33z1HhwEraucXNl,192.168.0.4,8443,10.0.1.6,57208,tcp,,0 days 00:00:00.007960,1949,0,SH,,,0,HADF,6,2201,0,0,
2020-04-30 00:42:09.211625984,CdvGtx3EjTAgi3ZkQ4,192.168.0.4,8443,10.0.1.6,57209,tcp,,0 days 00:00:00.008151,1823,0,SH,,,0,HADF,6,2075,0,0,
2020-04-30 00:42:09.221295104,CJu6wU6KJ0PNUXZE8,192.168.0.4,8443,10.0.1.6,57210,tcp,,0 days 00:00:00.007617,1823,0,SH,,,0,HADF,6,2075,0,0,
2020-04-30 00:42:09.239207936,CdsEGv3T7h38VwzIch,192.168.0.4,8443,10.0.1.6,57211,tcp,,0 days 00:00:00.006447,1823,0,SH,,,0,HADF,6,2075,0,0,
2020-04-30 00:42:09.341245952,CAkcCE3Vdn2sO8qeW,192.168.0.4,8443,10.0.1.6,57212,tcp,,0 days 00:00:00.008566,1823,0,SH,,,0,HADF,6,2075,0,0,
2020-04-30 00:42:09.548902144,CeJmn13ocbMAV8uQA4,192.168.0.4,8443,10.0.1.6,57215,tcp,,0 days 00:00:00.009306,1823,0,SH,,,0,HADF,6,2075,0,0,
2020-04-30 00:42:09.559632896,CuVEfQ22vcpYFXnN7,192.168.0.4,8443,10.0.1.6,57216,tcp,,0 days 00:00:00.006972,1823,0,SH,,,0,HADF,6,2075,0,0,
2020-04-30 00:42:09.878712832,CGs46s2cKqh5y1y1Rg,192.168.0.4,8443,10.0.1.6,57217,tcp,,0 days 00:00:00.008258,1823,0,SH,,,0,HADF,6,2075,0,0,
2020-04-30 00:42:09.888614912,CF84nN3E4Gupx08TM9,192.168.0.4,8443,10.0.1.6,57218,tcp,,0 days 00:00:00.006679,1823,0,SH,,,0,HADF,6,2075,0,0,
2020-04-30 00:42:10.314234880,CqVdZq4L7tiGRKJ6Oc,192.168.0.4,8443,10.0.1.6,57221,tcp,,0 days 00:00:00.008413,1823,0,SH,,,0,HADF,6,2075,0,0,
2020-04-30 00:42:10.814338048,Cl5mf44LzIM9GwlFHg,192.168.0.4,8443,10.0.1.6,57222,tcp,,0 days 00:00:00.008066,1823,0,SH,,,0,HADF,6,2075,0,0,
2020-04-30 00:42:11.425753088,CoQWriFpExpiuVlCh,192.168.0.4,8443,10.0.1.6,57224,tcp,,0 days 00:00:00.009026,1823,0,SH,,,0,HADF,6,2075,0,0,
2020-04-30 00:42:12.130791936,CzsDHd2R9L6QiLGDDc,192.168.0.4,8443,10.0.1.6,57225,tcp,,0 days 00:00:00.020839,1823,0,SH,,,0,HADF,6,2075,0,0,
2020-04-30 00:42:12.958272000,Cxs9Op3FLiacW0QDdb,192.168.0.4,8443,10.0.1.6,57226,tcp,,0 days 00:00:00.009144,1823,0,SH,,,0,HADF,6,2075,0,0,
2020-04-30 00:42:13.865233920,CnNMev2JmzTxfZrQwc,192.168.0.4,8443,10.0.1.6,57227,tcp,,0 days 00:00:00.008411,1823,0,SH,,,0,HADF,6,2075,0,0,
2020-04-30 00:42:14.866688000,CzjWMc1Sp5qrlUnvqb,192.168.0.4,8443,10.0.1.6,57228,tcp,,0 days 00:00:00.010338,1823,0,SH,,,0,HADF,6,2075,0,0,
2020-04-30 00:42:15.976203008,C0YFZlbWRYeFpA1P7,192.168.0.4,8443,10.0.1.6,57229,tcp,,0 days 00:00:00.010673,1823,0,SH,,,0,HADF,6,2075,0,0,
2020-04-30 00:42:17.181082112,CVbFZnlvx1T1Amjn5,192.168.0.4,8443,10.0.1.6,57230,tcp,,0 days 00:00:00.020467,1823,0,SH,,,0,HADF,6,2075,0,0,
2020-04-30 00:42:18.495585024,Cxw0CLIkcS17oUbB,192.168.0.4,8443,10.0.1.6,57231,tcp,,0 days 00:00:00.009592,1823,0,SH,,,0,HADF,6,2075,0,0,
2020-04-30 00:42:19.902048000,CxKVuC4lQn5teuKY1,192.168.0.4,8443,10.0.1.6,57232,tcp,,0 days 00:00:00.008913,1823,0,SH,,,0,HADF,6,2075,0,0,
2020-04-30 00:42:21.413456896,CASy3c2Gonc34Vb5q6,192.168.0.4,8443,10.0.1.6,57233,tcp,,0 days 00:00:00.009603,2403,0,SH,,,0,HADF,6,2655,0,0,
2020-04-30 00:42:21.448020992,CkVE3Z2EzEdogmIMaa,192.168.0.4,8443,10.0.1.6,57234,tcp,,0 days 00:00:00.009192,1823,0,SH,,,0,HADF,6,2075,0,0,
2020-04-30 00:42:21.458912000,CFr1z54w4nFDV5BS0c,192.168.0.4,8443,10.0.1.6,57235,tcp,,0 days 00:00:00.007077,1823,0,SH,,,0,HADF,6,2075,0,0,
2020-04-30 00:42:21.467300864,Cjp2ch1FKU4fuwcjS8,192.168.0.4,8443,10.0.1.6,57236,tcp,,0 days 00:00:00.010914,1823,0,SH,,,0,HADF,6,2075,0,0,
2020-04-30 00:42:21.479696896,CWPyQV3kHDgYHRv5Ua,192.168.0.4,8443,10.0.1.6,57237,tcp,,0 days 00:00:00.006886,1823,0,SH,,,0,HADF,6,2075,0,0,
2020-04-30 00:42:21.587421952,Cv3YLR1JuXGUwV1qZ7,192.168.0.4,8443,10.0.1.6,57238,tcp,,0 days 00:00:00.009231,1823,0,SH,,,0,HADF,6,2075,0,0,
2020-04-30 00:42:21.790560000,C8AcDv3wavy53QAlb9,192.168.0.4,8443,10.0.1.6,57239,tcp,,0 days 00:00:00.008272,1823,0,SH,,,0,HADF,6,2075,0,0,
2020-04-30 00:42:22.096371968,Cafhwh25XOpqKWZDV4,192.168.0.4,8443,10.0.1.6,57240,tcp,,0 days 00:00:00.009837,1823,0,SH,,,0,HADF,6,2075,0,0,
2020-04-30 00:42:22.503449088,Csq9Id2jEdVKiuOnt2,192.168.0.4,8443,10.0.1.6,57241,tcp,,0 days 00:00:00.006722,1823,0,SH,,,0,HADF,6,2075,0,0,
2020-04-30 00:42:22.512058112,Ct0sWO3PkJox576LFj,192.168.0.4,8443,10.0.1.6,57242,tcp,,0 days 00:00:00.007830999,1823,0,SH,,,0,HADF,6,2075,0,0,
2020-04-30 00:42:23.021614080,CCaRKNlElhnS2wwg,192.168.0.4,8443,10.0.1.6,57243,tcp,,0 days 00:00:00.006521,1823,0,SH,,,0,HADF,6,2075,0,0,
2020-04-30 00:42:23.622909184,CAyf9u2JvwvR3BWJK3,192.168.0.4,8443,10.0.1.6,57244,tcp,,0 days 00:00:00.008362,1823,0,SH,,,0,HADF,6,2075,0,0,
2020-04-30 00:42:24.327796992,CveiP7hU55iUrBnnl,192.168.0.4,8443,10.0.1.6,57245,tcp,,0 days 00:00:00.007686,1823,0,SH,,,0,HADF,6,2075,0,0,
2020-04-30 00:42:25.141014016,CsWL1x3IKBywsd44vb,192.168.0.4,8443,10.0.1.6,57246,tcp,,0 days 00:00:00.009662,1823,0,SH,,,0,HADF,6,2075,0,0,
2020-04-30 00:42:26.048386048,CsvuXX1BVxWNZwHu8e,192.168.0.4,8443,10.0.1.6,57247,tcp,,0 days 00:00:00.010041,1823,0,SH,,,0,HADF,6,2075,0,0,
2020-04-30 00:42:27.049169920,C9aUjn3EvyMRexas6b,192.168.0.4,8443,10.0.1.6,57249,tcp,,0 days 00:00:00.009030,1823,0,SH,,,0,HADF,6,2075,0,0,
2020-04-30 00:42:28.159543040,CD6xBuMjKs7Zj3Pm5,192.168.0.4,8443,10.0.1.6,57250,tcp,,0 days 00:00:00.006488,1823,0,SH,,,0,HADF,6,2075,0,0,
2020-04-30 00:42:29.363350016,C3ZjWk2ZuKyyZzo5Jk,192.168.0.4,8443,10.0.1.6,57251,tcp,,0 days 00:00:00.008599,1976,0,SH,,,0,HADF,6,2228,0,0,
2020-04-30 00:42:29.375096064,CO2LBP12RbnK5qZjv2,192.168.0.4,8443,10.0.1.6,57252,tcp,,0 days 00:00:00.007228,1823,0,SH,,,0,HADF,6,2075,0,0,
2020-04-30 00:42:29.384963072,C2zK7b4AOoYE3Sn563,192.168.0.4,8443,10.0.1.6,57253,tcp,,0 days 00:00:00.007583,1823,0,SH,,,0,HADF,6,2075,0,0,
2020-04-30 00:42:29.393552128,CemLdk3yuricn6Ykh4,192.168.0.4,8443,10.0.1.6,57254,tcp,,0 days 00:00:00.007141,1823,0,SH,,,0,HADF,6,2075,0,0,
2020-04-30 00:42:29.402457856,CRqMPM1CgcfO5vM7s8,192.168.0.4,8443,10.0.1.6,57255,tcp,,0 days 00:00:00.007391,1823,0,SH,,,0,HADF,6,2075,0,0,
2020-04-30 00:42:29.520318976,CPil0u3yMSjw0lG3P9,192.168.0.4,8443,10.0.1.6,57256,tcp,,0 days 00:00:00.008864,1823,0,SH,,,0,HADF,6,2075,0,0,
2020-04-30 00:42:29.723136000,CEtcB51CAuBtgBmCmg,192.168.0.4,8443,10.0.1.6,57257,tcp,,0 days 00:00:00.007196,1823,0,SH,,,0,HADF,6,2075,0,0,
2020-04-30 00:42:30.035665152,CrjTjp3tQoOxFcTnNa,192.168.0.4,8443,10.0.1.6,57258,tcp,,0 days 00:00:00.010224,1823,0,SH,,,0,HADF,6,2075,0,0,
2020-04-30 00:42:30.441620992,CU64Bx2Zmj1Sa4Q7nj,192.168.0.4,8443,10.0.1.6,57259,tcp,,0 days 00:00:00.007604,1823,0,SH,,,0,HADF,6,2075,0,0,
2020-04-30 00:42:30.943802112,CWYBFprjlMbxLnLa2,192.168.0.4,8443,10.0.1.6,57260,tcp,,0 days 00:00:00.008435,1823,0,SH,,,0,HADF,6,2075,0,0,
2020-04-30 00:42:31.552627968,CZNlR435mav2dZlnX,192.168.0.4,8443,10.0.1.6,57261,tcp,,0 days 00:00:00.008413,1823,0,SH,,,0,HADF,6,2075,0,0,
2020-04-30 00:42:32.257345024,CxnDecJ7i0qWNjsRl,192.168.0.4,8443,10.0.1.6,57262,tcp,,0 days 00:00:00.009307,1823,0,SH,,,0,HADF,6,2075,0,0,
2020-04-30 00:42:33.068742912,ClYTRx3qC0Ef7xTIh3,192.168.0.4,8443,10.0.1.6,57263,tcp,,0 days 00:00:00.008431,1823,0,SH,,,0,HADF,6,2075,0,0,
2020-04-30 00:42:33.975684864,CIeHWr35mLzLQaxNK8,192.168.0.4,8443,10.0.1.6,57264,tcp,,0 days 00:00:00.021975,1823,0,SH,,,0,HADF,6,2075,0,0,
2020-04-30 00:42:34.992378880,CA7v0h2W2q6SBCXeK5,192.168.0.4,8443,10.0.1.6,57265,tcp,,0 days 00:00:00.009248,1823,0,SH,,,0,HADF,6,2075,0,0,
2020-04-30 00:42:36.101302016,CCOkbu99G6emUBJ6i,192.168.0.4,8443,10.0.1.6,57266,tcp,,0 days 00:00:00.009008,1823,0,SH,,,0,HADF,6,2075,0,0,
2020-04-30 00:42:37.306065152,CnqTub4x8YuvXldVXf,192.168.0.4,8443,10.0.1.6,57267,tcp,,0 days 00:00:00.007624,1823,0,SH,,,0,HADF,6,2075,0,0,
2020-04-30 00:42:38.619809024,CrcUTN3kY0BohKcaB5,192.168.0.4,8443,10.0.1.6,57268,tcp,,0 days 00:00:00.009189,2047,0,SH,,,0,HADF,6,2299,0,0,
2020-04-30 00:42:38.635873024,CVKKjTUCapSZi9cXe,192.168.0.4,8443,10.0.1.6,57269,tcp,,0 days 00:00:00.008439,1823,0,SH,,,0,HADF,6,2075,0,0,
2020-04-30 00:42:38.646822912,CNDuPh2b4OpMrpXa17,192.168.0.4,8443,10.0.1.6,57270,tcp,,0 days 00:00:00.008328,1823,0,SH,,,0,HADF,6,2075,0,0,
2020-04-30 00:42:38.663589888,C6L7Ih3rOb2ourP1cg,192.168.0.4,8443,10.0.1.6,57271,tcp,,0 days 00:00:00.007830,1823,0,SH,,,0,HADF,6,2075,0,0,
2020-04-30 00:42:38.769665024,CS7djq2m2fl5h7YQid,192.168.0.4,8443,10.0.1.6,57272,tcp,,0 days 00:00:00.010414,1823,0,SH,,,0,HADF,6,2075,0,0,
2020-04-30 00:42:38.781464064,CNpOFZ3ZtXMQ0paJD8,192.168.0.4,8443,10.0.1.6,57273,tcp,,0 days 00:00:00.007863,1823,0,SH,,,0,HADF,6,2075,0,0,
2020-04-30 00:42:38.989752064,CUaalgeKqglAS4p95,192.168.0.4,8443,10.0.1.6,57274,tcp,,0 days 00:00:00.009642,1823,0,SH,,,0,HADF,6,2075,0,0,
2020-04-30 00:42:39.001236992,CTKoSd40GKrPm5Kctc,192.168.0.4,8443,10.0.1.6,57275,tcp,,0 days 00:00:00.007456,1823,0,SH,,,0,HADF,6,2075,0,0,
2020-04-30 00:42:39.316472064,CqXSlI1DPZ8itwzkOd,192.168.0.4,8443,10.0.1.6,57276,tcp,,0 days 00:00:00.007451,1823,0,SH,,,0,HADF,6,2075,0,0,
2020-04-30 00:42:39.722912000,C5fcxm17bvIhO8AWG5,192.168.0.4,8443,10.0.1.6,57277,tcp,,0 days 00:00:00.008414,1823,0,SH,,,0,HADF,6,2075,0,0,
2020-04-30 00:42:40.238482944,CRcCYV1I1Ow5R8RWgi,192.168.0.4,8443,10.0.1.6,57278,tcp,,0 days 00:00:00.008757,1823,0,SH,,,0,HADF,6,2075,0,0,
2020-04-30 00:42:40.848416000,CdlJ94KKWvAg539K1,192.168.0.4,8443,10.0.1.6,57279,tcp,,0 days 00:00:00.008711,1823,0,SH,,,0,HADF,6,2075,0,0,
2020-04-30 00:42:41.551095040,C23rTd4T3VCUGi7g5c,192.168.0.4,8443,10.0.1.6,57280,tcp,,0 days 00:00:00.008462,1823,0,SH,,,0,HADF,6,2075,0,0,
2020-04-30 00:42:42.352238848,C4ygG435AWN2sUkAnf,192.168.0.4,8443,10.0.1.6,57281,tcp,,0 days 00:00:00.011492,1823,0,SH,,,0,HADF,6,2075,0,0,
2020-04-30 00:42:43.254789120,CCwWz91tmiRgXfxwXk,192.168.0.4,8443,10.0.1.6,57282,tcp,,0 days 00:00:00.008727,1823,0,SH,,,0,HADF,6,2075,0,0,
2020-04-30 00:42:44.254829056,C6BK8dxrFGJ9ymXr6,192.168.0.4,8443,10.0.1.6,57283,tcp,,0 days 00:00:00.010118,1823,0,SH,,,0,HADF,6,2075,0,0,
2020-04-30 00:42:45.359826944,CEEp1DCL7RNOrJFw2,192.168.0.4,8443,10.0.1.6,57284,tcp,,0 days 00:00:00.019664,1823,0,SH,,,0,HADF,6,2075,0,0,
2020-04-30 00:42:46.580795136,C0bRWA3Ik3BBxJqJl,192.168.0.4,8443,10.0.1.6,57285,tcp,,0 days 00:00:00.008062,1823,0,SH,,,0,HADF,6,2075,0,0,
2020-04-30 00:42:47.890279936,CrvQej3qIhwpawgrug,192.168.0.4,8443,10.0.1.6,57286,tcp,,0 days 00:00:00.009474,1823,0,SH,,,0,HADF,6,2075,0,0,
2020-04-30 00:42:49.300769024,CwYP2n3DkkDV7oiJoi,192.168.0.4,8443,10.0.1.6,57287,tcp,,0 days 00:00:00.008562,1962,0,SH,,,0,HADF,6,2214,0,0,
2020-04-30 00:42:49.311697920,CT4zeG1quhWE30BnZ5,192.168.0.4,8443,10.0.1.6,57288,tcp,,0 days 00:00:00.008299,1823,0,SH,,,0,HADF,6,2075,0,0,
2020-04-30 00:42:49.321257216,CEh7Dde1YKMhmHJcf,192.168.0.4,8443,10.0.1.6,57289,tcp,,0 days 00:00:00.006390,1823,0,SH,,,0,HADF,6,2075,0,0,
2020-04-30 00:42:49.331643136,CdLfl13ACSRqnWLjYl,192.168.0.4,8443,10.0.1.6,57290,tcp,,0 days 00:00:00.010132,1823,0,SH,,,0,HADF,6,2075,0,0,
2020-04-30 00:42:49.441592064,C03mRV3j4uVfmIBQM1,192.168.0.4,8443,10.0.1.6,57291,tcp,,0 days 00:00:00.010445,1823,0,SH,,,0,HADF,6,2075,0,0,
2020-04-30 00:42:49.453694976,C9CPwV2u2lONxFGA3b,192.168.0.4,8443,10.0.1.6,57292,tcp,,0 days 00:00:00.007794,1823,0,SH,,,0,HADF,6,2075,0,0,
2020-04-30 00:42:49.666673920,Ch95vUmVkOpfvTMd4,192.168.0.4,8443,10.0.1.6,57293,tcp,,0 days 00:00:00.008535,1823,0,SH,,,0,HADF,6,2075,0,0,
2020-04-30 00:42:49.966147072,CTgDpOACexRi5xSo8,192.168.0.4,8443,10.0.1.6,57294,tcp,,0 days 00:00:00.009281,1823,0,SH,,,0,HADF,6,2075,0,0,
2020-04-30 00:42:50.381627136,CWzxbXwo2S1XX9Sdb,192.168.0.4,8443,10.0.1.6,57295,tcp,,0 days 00:00:00.007462,1823,0,SH,,,0,HADF,6,2075,0,0,
2020-04-30 00:42:50.893792000,CnbCra4182RCASA7d9,192.168.0.4,8443,10.0.1.6,57296,tcp,,0 days 00:00:00.023198,1823,0,SH,,,0,HADF,6,2075,0,0,
2020-04-30 00:42:51.512090880,CtTUAeE7PCVwB3Lgj,192.168.0.4,8443,10.0.1.6,57297,tcp,,0 days 00:00:00.007917,1823,0,SH,,,0,HADF,6,2075,0,0,
2020-04-30 00:42:52.216588032,CIoJuv2VMNY3v4TOJl,192.168.0.4,8443,10.0.1.6,57298,tcp,,0 days 00:00:00.010366,1823,0,SH,,,0,HADF,6,2075,0,0,
2020-04-30 00:42:53.016408832,C7e0HS1JQf5AHD3B36,192.168.0.4,8443,10.0.1.6,57299,tcp,,0 days 00:00:00.008579,1966,0,SH,,,0,HADF,6,2218,0,0,
2020-04-30 00:42:53.026853120,Czeqb6aixoKn8Ktg6,192.168.0.4,8443,10.0.1.6,57300,tcp,,0 days 00:00:00.006341,1823,0,SH,,,0,HADF,6,2075,0,0,
2020-04-30 00:42:53.034368000,Cln17s3Cp8Wwq2rhA,192.168.0.4,8443,10.0.1.6,57301,tcp,,0 days 00:00:00.006904,2028,0,SH,,,0,HADF,6,2280,0,0,
2020-04-30 00:42:53.042635008,CkxHTv4xHueMC1dvU6,192.168.0.4,8443,10.0.1.6,57302,tcp,,0 days 00:00:00.005636,1823,0,SH,,,0,HADF,6,2075,0,0,
2020-04-30 00:42:53.049395200,Coq9eH3IkDlsfWFP4l,192.168.0.4,8443,10.0.1.6,57303,tcp,,0 days 00:00:00.005887,1966,0,SH,,,0,HADF,6,2218,0,0,
2020-04-30 00:42:53.057001216,C0CPw8493CL17LRJ0b,192.168.0.4,8443,10.0.1.6,57304,tcp,,0 days 00:00:00.006520,1823,0,SH,,,0,HADF,6,2075,0,0,
2020-04-30 00:42:53.064743936,Ca7kyu1Oa2KwGKnM86,192.168.0.4,8443,10.0.1.6,57305,tcp,,0 days 00:00:00.018869,1948,0,SH,,,0,HADF,6,2200,0,0,
2020-04-30 00:42:53.086409216,CBQay74Pi2v45otmtj,192.168.0.4,8443,10.0.1.6,57306,tcp,,0 days 00:00:00.009617,1823,0,SH,,,0,HADF,7,2115,0,0,
2020-04-30 00:42:53.097666048,CG7Qhv4SKxt5AYM2O6,192.168.0.4,8443,10.0.1.6,57307,tcp,,0 days 00:00:00.009055,1948,0,SH,,,0,HADF,6,2200,0,0,
2020-04-30 00:42:53.108484864,CECcIB4fkXkfP2EBTa,192.168.0.4,8443,10.0.1.6,57308,tcp,,0 days 00:00:00.006677,1823,0,SH,,,0,HADF,6,2075,0,0,
2020-04-30 00:42:53.116489984,CN8ZJQ2UXX7pBEQGYi,192.168.0.4,8443,10.0.1.6,57309,tcp,,0 days 00:00:00.005879,1935,0,SH,,,0,HADF,6,2187,0,0,
2020-04-30 00:42:53.123532032,CQAMoH1P15UYcxkKUf,192.168.0.4,8443,10.0.1.6,57310,tcp,,0 days 00:00:00.006435,1823,0,SH,,,0,HADF,6,2075,0,0,
2020-04-30 00:42:53.131067904,CeLNMb3wWRPzhflNll,192.168.0.4,8443,10.0.1.6,57311,tcp,,0 days 00:00:00.018832,1937,0,SH,,,0,HADF,6,2189,0,0,
2020-04-30 00:42:53.151599872,CTsQv42xq8D2jvLQqd,192.168.0.4,8443,10.0.1.6,57312,tcp,,0 days 00:00:00.013979,1823,0,SH,,,0,HADF,6,2075,0,0,
2020-04-30 00:42:53.167074816,CTitNDlBppdR7eh5j,192.168.0.4,8443,10.0.1.6,57313,tcp,,0 days 00:00:00.007410,1823,0,SH,,,0,HADF,6,2075,0,0,
2020-04-30 00:42:53.176024832,C0o2xn3zicpoqaOAN1,192.168.0.4,8443,10.0.1.6,57314,tcp,,0 days 00:00:00.007291,1823,0,SH,,,0,HADF,6,2075,0,0,
2020-04-30 00:42:53.273242880,Coz24R1jJTvUoRXJ2f,192.168.0.4,8443,10.0.1.6,57315,tcp,,0 days 00:00:00.006779,1823,0,SH,,,0,HADF,6,2075,0,0,
2020-04-30 00:42:53.485456896,CV7FVI3EEGb9PDmFXk,192.168.0.4,8443,10.0.1.6,57316,tcp,,0 days 00:00:00.007673,1823,0,SH,,,0,HADF,6,2075,0,0,
2020-04-30 00:42:53.793057024,CQqWrb1uKdsnAI6SI9,192.168.0.4,8443,10.0.1.6,57317,tcp,,0 days 00:00:00.007268,1823,0,SH,,,0,HADF,6,2075,0,0,
2020-04-30 00:42:54.208748032,C1j3l21bPt84ImIuBi,192.168.0.4,8443,10.0.1.6,57318,tcp,,0 days 00:00:00.009612,1823,0,SH,,,0,HADF,6,2075,0,0,
2020-04-30 00:42:54.710387968,C0Cqr110WKvlLvaxEh,192.168.0.4,8443,10.0.1.6,57319,tcp,,0 days 00:00:00.008755,1823,0,SH,,,0,HADF,6,2075,0,0,
2020-04-30 00:42:55.308638208,CEWypf4LgVsjUjaWZi,192.168.0.4,8443,10.0.1.6,57320,tcp,,0 days 00:00:00.008162,1823,0,SH,,,0,HADF,6,2075,0,0,
2020-04-30 00:42:56.010595072,CMuqU34ZBbUFMEMw6j,192.168.0.4,8443,10.0.1.6,57321,tcp,,0 days 00:00:00.021534,1823,0,SH,,,0,HADF,6,2075,0,0,
2020-04-30 00:42:56.826199040,CkxCxt2tfjCUolD2jk,192.168.0.4,8443,10.0.1.6,57322,tcp,,0 days 00:00:00.008799,1823,0,SH,,,0,HADF,6,2075,0,0,
2020-04-30 00:42:57.726990848,Cu7i2o4hREylniugJk,192.168.0.4,8443,10.0.1.6,57323,tcp,,0 days 00:00:00.009477,1823,0,SH,,,0,HADF,6,2075,0,0,
2020-04-30 00:42:58.727454976,CAsQs636Nihe989SY3,192.168.0.4,8443,10.0.1.6,57324,tcp,,0 days 00:00:00.007572,1823,0,SH,,,0,HADF,6,2075,0,0,
2020-04-30 00:42:59.837081856,CF5xu04llQl0lJQ3jl,192.168.0.4,8443,10.0.1.6,57325,tcp,,0 days 00:00:00.010444,1823,0,SH,,,0,HADF,6,2075,0,0,
2020-04-30 00:43:01.037300224,C3Aow42O49tUz7y67h,192.168.0.4,8443,10.0.1.6,57326,tcp,,0 days 00:00:00.007691,1823,0,SH,,,0,HADF,6,2075,0,0,
2020-04-30 00:43:02.338341120,CAYweF2L5X48pViMi6,192.168.0.4,8443,10.0.1.6,57327,tcp,,0 days 00:00:00.008092,1823,0,SH,,,0,HADF,6,2075,0,0,
2020-04-30 00:43:03.746014208,CmxACJ2lpOYSBnofq4,192.168.0.4,8443,10.0.1.6,57328,tcp,,0 days 00:00:00.008066999,1823,0,SH,,,0,HADF,6,2075,0,0,
2020-04-30 00:43:05.249975808,CB6T2L2991uG1OLbCc,192.168.0.4,8443,10.0.1.6,57329,tcp,,0 days 00:00:00.007963,1823,0,SH,,,0,HADF,6,2075,0,0,
2020-04-30 00:43:06.856343040,CJfYDp1DmHXIo0ac7a,192.168.0.4,8443,10.0.1.6,57330,tcp,,0 days 00:00:00.008818,1823,0,SH,,,0,HADF,6,2075,0,0,
2020-04-30 00:43:08.557362176,CqQsmE1iHKQXlZCjzc,192.168.0.4,8443,10.0.1.6,57331,tcp,,0 days 00:00:00.008749,1823,0,SH,,,0,HADF,6,2075,0,0,
2020-04-30 00:43:10.364567040,CPsrjt4BKVbgOc1s7d,192.168.0.4,8443,10.0.1.6,57333,tcp,,0 days 00:00:00.007462,1823,0,SH,,,0,HADF,6,2075,0,0,
2020-04-30 00:43:12.278830080,CdLCAw2RzH0Vzl3fL5,192.168.0.4,8443,10.0.1.6,57334,tcp,,0 days 00:00:00.009643,1823,0,SH,,,0,HADF,6,2075,0,0,
2020-04-30 00:43:14.279166976,CA80M42SoXdnAKkBI7,192.168.0.4,8443,10.0.1.6,57335,tcp,,0 days 00:00:00.009333,1823,0,SH,,,0,HADF,6,2075,0,0,
2020-04-30 00:43:16.388123136,CJSlRh2TSMEEQXGn9b,192.168.0.4,8443,10.0.1.6,57336,tcp,,0 days 00:00:00.007957,1823,0,SH,,,0,HADF,6,2075,0,0,
2020-04-30 00:43:18.596461056,CEFW2lpahZpRqjorc,192.168.0.4,8443,10.0.1.6,57337,tcp,,0 days 00:00:00.007823,1823,0,SH,,,0,HADF,6,2075,0,0,
2020-04-30 00:43:20.896923136,C1bElC4X7Y0n3gjdK9,192.168.0.4,8443,10.0.1.6,57338,tcp,,0 days 00:00:00.010159,1823,0,SH,,,0,HADF,6,2075,0,0,
2020-04-30 00:43:23.305844992,CEpe0A1gdoOfNrLol4,192.168.0.4,8443,10.0.1.6,57339,tcp,,0 days 00:00:00.008544,1823,0,SH,,,0,HADF,6,2075,0,0,
2020-04-30 00:43:25.821004032,CMp9CK1DpDn4A8E8Nl,192.168.0.4,8443,10.0.1.6,57340,tcp,,0 days 00:00:00.009754,1823,0,SH,,,0,HADF,6,2075,0,0,
2020-04-30 00:43:28.431009024,Ccpwyz4gEjVWalvo3d,192.168.0.4,8443,10.0.1.6,57341,tcp,,0 days 00:00:00.009645,1823,0,SH,,,0,HADF,7,2115,0,0,
2020-04-30 00:43:31.130633216,CtzVdi49br9C6l6dE9,192.168.0.4,8443,10.0.1.6,57342,tcp,,0 days 00:00:00.008205,1947,0,SH,,,0,HADF,6,2199,0,0,
2020-04-30 00:43:31.141885952,C6liQabAKqQ6Gi1L6,192.168.0.4,8443,10.0.1.6,57343,tcp,,0 days 00:00:00.008754,1823,0,SH,,,0,HADF,6,2075,0,0,
2020-04-30 00:43:31.152578048,CUvrJI3WDtbMEGfpFc,192.168.0.4,8443,10.0.1.6,57344,tcp,,0 days 00:00:00.008326999,1981,0,SH,,,0,HADF,6,2233,0,0,
2020-04-30 00:43:31.166760960,CSDH0a3lOKpqUCSC15,192.168.0.4,8443,10.0.1.6,57345,tcp,,0 days 00:00:00.007781,1823,0,SH,,,0,HADF,6,2075,0,0,
2020-04-30 00:43:31.175937024,CcvJRI1Nj30UoKI7Bk,192.168.0.4,8443,10.0.1.6,57346,tcp,,0 days 00:00:00.006347,1949,0,SH,,,0,HADF,6,2201,0,0,
2020-04-30 00:43:31.184103936,CVodNs4QvqFI03uvck,192.168.0.4,8443,10.0.1.6,57347,tcp,,0 days 00:00:00.008168,1823,0,SH,,,0,HADF,6,2075,0,0,
2020-04-30 00:43:31.193667840,Ca7Vb88e1m8pfesl7,192.168.0.4,8443,10.0.1.6,57348,tcp,,0 days 00:00:00.008902,1823,0,SH,,,0,HADF,6,2075,0,0,
2020-04-30 00:43:31.204435200,CVhAAK3nrhFsufoKQ9,192.168.0.4,8443,10.0.1.6,57349,tcp,,0 days 00:00:00.006704,1823,0,SH,,,0,HADF,6,2075,0,0,
2020-04-30 00:43:31.212680960,CtvId11ti59F8jEw27,192.168.0.4,8443,10.0.1.6,57350,tcp,,0 days 00:00:00.007608,1823,0,SH,,,0,HADF,6,2075,0,0,
2020-04-30 00:43:31.318331904,CaSFEE4dkt2rhcMFA9,192.168.0.4,8443,10.0.1.6,57351,tcp,,0 days 00:00:00.009616,1823,0,SH,,,0,HADF,6,2075,0,0,
2020-04-30 00:43:31.527556864,CqH2mb3rsYn0dE771l,192.168.0.4,8443,10.0.1.6,57352,tcp,,0 days 00:00:00.007277,1823,0,SH,,,0,HADF,6,2075,0,0,
2020-04-30 00:43:31.837490944,CFvVXG3FPU0kgrnVCj,192.168.0.4,8443,10.0.1.6,57353,tcp,,0 days 00:00:00.011028,1823,0,SH,,,0,HADF,6,2075,0,0,
2020-04-30 00:43:32.243017984,CRJfGgIxL10iDFeSl,192.168.0.4,8443,10.0.1.6,57354,tcp,,0 days 00:00:00.009312,1823,0,SH,,,0,HADF,6,2075,0,0,
2020-04-30 00:43:32.743246080,Cl3GYA4d537Sp7RiQb,192.168.0.4,8443,10.0.1.6,57355,tcp,,0 days 00:00:00.012641,1823,0,SH,,,0,HADF,6,2075,0,0,
2020-04-30 00:43:33.357448192,CnCyG43oKVbNysdXp2,192.168.0.4,8443,10.0.1.6,57356,tcp,,0 days 00:00:00.007882999,1823,0,SH,,,0,HADF,6,2075,0,0,
2020-04-30 00:43:34.070171136,CPlVr51lpS1hdt7rH5,192.168.0.4,8443,10.0.1.6,57357,tcp,,0 days 00:00:00.011233,1978,0,SH,,,0,HADF,6,2230,0,0,
2020-04-30 00:43:34.086048000,CKlfu216xAtJhQGTL3,192.168.0.4,8443,10.0.1.6,57358,tcp,,0 days 00:00:00.010110,1823,0,SH,,,0,HADF,6,2075,0,0,
2020-04-30 00:43:34.097645056,Cns1N13hCNFcdhvQ1,192.168.0.4,8443,10.0.1.6,57359,tcp,,0 days 00:00:00.007104,1823,0,SH,,,0,HADF,6,2075,0,0,
2020-04-30 00:43:34.105885952,CaVBPU2qkRO3KEL9y7,192.168.0.4,8443,10.0.1.6,57360,tcp,,0 days 00:00:00.008500,1823,0,SH,,,0,HADF,6,2075,0,0,
2020-04-30 00:43:34.116421888,CzCoWW1m5H6gNvhEMa,192.168.0.4,8443,10.0.1.6,57361,tcp,,0 days 00:00:00.005844,1823,0,SH,,,0,HADF,6,2075,0,0,
2020-04-30 00:43:34.226866944,CkXexU3eQojDGBNYG,192.168.0.4,8443,10.0.1.6,57362,tcp,,0 days 00:00:00.008873,1823,0,SH,,,0,HADF,6,2075,0,0,
2020-04-30 00:43:34.429550848,CbrB9n3ype7BXLfYw1,192.168.0.4,8443,10.0.1.6,57363,tcp,,0 days 00:00:00.008946,1823,0,SH,,,0,HADF,6,2075,0,0,
2020-04-30 00:43:34.742552064,COy6Xe3Ag7U8f4mxkj,192.168.0.4,8443,10.0.1.6,57364,tcp,,0 days 00:00:00.011114,1823,0,SH,,,0,HADF,6,2075,0,0,
2020-04-30 00:43:35.158226944,CzBFtm309JgRDA8Qyh,192.168.0.4,8443,10.0.1.6,57365,tcp,,0 days 00:00:00.010010,1823,0,SH,,,0,HADF,6,2075,0,0,
2020-04-30 00:43:35.665572864,Cykb0B4mqc7P7iKfv6,192.168.0.4,8443,10.0.1.6,57366,tcp,,0 days 00:00:00.008569,1823,0,SH,,,0,HADF,6,2075,0,0,
2020-04-30 00:43:36.266156032,CAbyQv3Hl1ewTEloQ5,192.168.0.4,8443,10.0.1.6,57367,tcp,,0 days 00:00:00.008286,1823,0,SH,,,0,HADF,6,2075,0,0,
2020-04-30 00:43:36.965486080,CgWhkI1NgjpVv9UPs9,192.168.0.4,8443,10.0.1.6,57368,tcp,,0 days 00:00:00.008457,1823,0,SH,,,0,HADF,6,2075,0,0,
2020-04-30 00:43:37.770332928,Cl2ORG26wTrQbdIGo4,192.168.0.4,8443,10.0.1.6,57369,tcp,,0 days 00:00:00.007256,1823,0,SH,,,0,HADF,6,2075,0,0,
2020-04-30 00:43:38.683219968,CNNFGq2ukksalEkned,192.168.0.4,8443,10.0.1.6,57370,tcp,,0 days 00:00:00.008769,1823,0,SH,,,0,HADF,6,2075,0,0,
2020-04-30 00:43:39.683299072,C3vPGg2tH18BLKgiRg,192.168.0.4,8443,10.0.1.6,57371,tcp,,0 days 00:00:00.008133,1823,0,SH,,,0,HADF,6,2075,0,0,
2020-04-30 00:43:40.783586048,CvOxgvwZcp1luXAL1,192.168.0.4,8443,10.0.1.6,57372,tcp,,0 days 00:00:00.008605,1823,0,SH,,,0,HADF,6,2075,0,0,
2020-04-30 00:43:41.984598016,CFmAr44E6uad4VUskf,192.168.0.4,8443,10.0.1.6,57373,tcp,,0 days 00:00:00.017772,1823,0,SH,,,0,HADF,6,2075,0,0,
2020-04-30 00:43:43.299736064,Ck971Z3OffHrpJ1y3i,192.168.0.4,8443,10.0.1.6,57374,tcp,,0 days 00:00:00.007974999,2011,0,SH,,,0,HADF,6,2263,0,0,
2020-04-30 00:43:43.313426944,C3KndMzPcwTvYTjzl,192.168.0.4,8443,10.0.1.6,57375,tcp,,0 days 00:00:00.007500,1823,0,SH,,,0,HADF,6,2075,0,0,
2020-04-30 00:43:43.322406912,CXeoRg4Eb1EuR4r4Ub,192.168.0.4,8443,10.0.1.6,57376,tcp,,0 days 00:00:00.006991,1823,0,SH,,,0,HADF,6,2075,0,0,
2020-04-30 00:43:43.331479040,CPJuLn132HymYp0odi,192.168.0.4,8443,10.0.1.6,57377,tcp,,0 days 00:00:00.006237,1823,0,SH,,,0,HADF,6,2075,0,0,
2020-04-30 00:43:43.446213888,CJt3QP1LQFqBMk2zpj,192.168.0.4,8443,10.0.1.6,57378,tcp,,0 days 00:00:00.009391,1823,0,SH,,,0,HADF,6,2075,0,0,
2020-04-30 00:43:43.457175040,CP7Inv4fPwyvH31ZA9,192.168.0.4,8443,10.0.1.6,57379,tcp,,0 days 00:00:00.007158,1823,0,SH,,,0,HADF,6,2075,0,0,
2020-04-30 00:43:43.664988928,CWDV3N3J5SuLyCA5Fk,192.168.0.4,8443,10.0.1.6,57380,tcp,,0 days 00:00:00.008818,1823,0,SH,,,0,HADF,6,2075,0,0,
2020-04-30 00:43:43.675591936,CUNHoB4DB1bJGth1g,192.168.0.4,8443,10.0.1.6,57381,tcp,,0 days 00:00:00.007206,1823,0,SH,,,0,HADF,6,2075,0,0,
2020-04-30 00:43:43.993206016,CNFPUJr9rMQvW6aDe,192.168.0.4,8443,10.0.1.6,57382,tcp,,0 days 00:00:00.008799,1823,0,SH,,,0,HADF,6,2075,0,0,
2020-04-30 00:43:44.395488000,CDmimK2qcA10pmKwU,192.168.0.4,8443,10.0.1.6,57383,tcp,,0 days 00:00:00.007567,1823,0,SH,,,0,HADF,6,2075,0,0,
2020-04-30 00:43:44.911578880,C92lJU1Pxg4mrEyJw7,192.168.0.4,8443,10.0.1.6,57384,tcp,,0 days 00:00:00.008671,1823,0,SH,,,0,HADF,6,2075,0,0,
2020-04-30 00:43:45.526813952,CSGZoi41MEWCje8bQk,192.168.0.4,8443,10.0.1.6,57385,tcp,,0 days 00:00:00.009897,1823,0,SH,,,0,HADF,6,2075,0,0,
2020-04-30 00:43:46.227844096,CI5wCv26bjo4COvkkh,192.168.0.4,8443,10.0.1.6,57386,tcp,,0 days 00:00:00.008511,1823,0,SH,,,0,HADF,6,2075,0,0,
2020-04-30 00:43:47.027715840,CShWUH1IIVJqZlfTGb,192.168.0.4,8443,10.0.1.6,57387,tcp,,0 days 00:00:00.009188,1823,0,SH,,,0,HADF,6,2075,0,0,
2020-04-30 00:43:47.934905088,CB1XPH2IKBTY9mdSod,192.168.0.4,8443,10.0.1.6,57388,tcp,,0 days 00:00:00.008059,1823,0,SH,,,0,HADF,6,2075,0,0,
2020-04-30 00:43:48.934758912,CrTdNV48LWPDNP2R7,192.168.0.4,8443,10.0.1.6,57389,tcp,,0 days 00:00:00.009188,1823,0,SH,,,0,HADF,6,2075,0,0,
2020-04-30 00:43:50.038769920,COeoxvYgxso3k4Tzj,192.168.0.4,8443,10.0.1.6,57390,tcp,,0 days 00:00:00.009669,1823,0,SH,,,0,HADF,6,2075,0,0,
2020-04-30 00:43:51.239054848,CrSeqX2HOMKflYRdzj,192.168.0.4,8443,10.0.1.6,57391,tcp,,0 days 00:00:00.009085,1823,0,SH,,,0,HADF,6,2075,0,0,
2020-04-30 00:43:52.540381952,C87y3I3P6j7pXYO5P,192.168.0.4,8443,10.0.1.6,57392,tcp,,0 days 00:00:00.008580,2032,0,SH,,,0,HADF,6,2284,0,0,
2020-04-30 00:43:52.553868032,C4C7PV1bSHyw9DGIBl,192.168.0.4,8443,10.0.1.6,57393,tcp,,0 days 00:00:00.007655,1823,0,SH,,,0,HADF,6,2075,0,0,
2020-04-30 00:43:52.563102976,C4TuJ22kmtAKEFbhPg,192.168.0.4,8443,10.0.1.6,57394,tcp,,0 days 00:00:00.006066,1823,0,SH,,,0,HADF,6,2075,0,0,
2020-04-30 00:43:52.570439936,CU4qQp1ABDyfdrA557,192.168.0.4,8443,10.0.1.6,57395,tcp,,0 days 00:00:00.006053,1823,0,SH,,,0,HADF,6,2075,0,0,
2020-04-30 00:43:52.681005056,CWEGBM2hZ6dAhBygV1,192.168.0.4,8443,10.0.1.6,57396,tcp,,0 days 00:00:00.010369,1823,0,SH,,,0,HADF,6,2075,0,0,
2020-04-30 00:43:52.692816128,CzjAh91Skfn0J2SV29,192.168.0.4,8443,10.0.1.6,57397,tcp,,0 days 00:00:00.007822,1823,0,SH,,,0,HADF,6,2075,0,0,
2020-04-30 00:43:52.899709952,C3SAHuncck1AXOJ92,192.168.0.4,8443,10.0.1.6,57398,tcp,,0 days 00:00:00.008703,1823,0,SH,,,0,HADF,6,2075,0,0,
2020-04-30 00:43:53.201984000,C3SfkN2ExuZNik1UGb,192.168.0.4,8443,10.0.1.6,57399,tcp,,0 days 00:00:00.007635,1823,0,SH,,,0,HADF,6,2075,0,0,
2020-04-30 00:43:53.605894144,CK6zD54DKYecddM6kh,192.168.0.4,8443,10.0.1.6,57400,tcp,,0 days 00:00:00.008358,1823,0,SH,,,0,HADF,6,2075,0,0,
2020-04-30 00:43:54.118395136,C104c83FmC11YOWInb,192.168.0.4,8443,10.0.1.6,57401,tcp,,0 days 00:00:00.007981999,1823,0,SH,,,0,HADF,6,2075,0,0,
2020-04-30 00:43:54.732048896,Cykz6W2TdzJpqrqPC4,192.168.0.4,8443,10.0.1.6,57402,tcp,,0 days 00:00:00.009751,1823,0,SH,,,0,HADF,6,2075,0,0,
2020-04-30 00:43:55.430983936,C0EeZh3aXYNtVzFSqk,192.168.0.4,8443,10.0.1.6,57404,tcp,,0 days 00:00:00.008421,1823,0,SH,,,0,HADF,6,2075,0,0,
2020-04-30 00:43:56.234189056,CQKUBPx9TPVENGwx7,192.168.0.4,8443,10.0.1.6,57405,tcp,,0 days 00:00:00.010230,1823,0,SH,,,0,HADF,6,2075,0,0,
2020-04-30 00:43:57.140355072,CuutbZ1vPCFVE0VHn5,192.168.0.4,8443,10.0.1.6,57406,tcp,,0 days 00:00:00.007126,1823,0,SH,,,0,HADF,6,2075,0,0,
2020-04-30 00:43:58.140788992,CRo4Kg1JqSjY4YXAdj,192.168.0.4,8443,10.0.1.6,57407,tcp,,0 days 00:00:00.007781,1823,0,SH,,,0,HADF,6,2075,0,0,
2020-04-30 00:43:59.242451968,CbcWzr4UIcD9Z2xHo8,192.168.0.4,8443,10.0.1.6,57408,tcp,,0 days 00:00:00.009424,1823,0,SH,,,0,HADF,6,2075,0,0,
2020-04-30 00:44:00.455785984,CDLqLn3SGZcV24lWAh,192.168.0.4,8443,10.0.1.6,57409,tcp,,0 days 00:00:00.009152,1823,0,SH,,,0,HADF,6,2075,0,0,
2020-04-30 00:44:01.767034880,CTgd3r1neEJ6BgOYy9,192.168.0.4,8443,10.0.1.6,57410,tcp,,0 days 00:00:00.007491,1823,0,SH,,,0,HADF,6,2075,0,0,
2020-04-30 00:44:03.167585024,C4oEyh1zIjubg8EVvd,192.168.0.4,8443,10.0.1.6,57411,tcp,,0 days 00:00:00.008288999,2024,0,SH,,,0,HADF,6,2276,0,0,
2020-04-30 00:44:03.180236032,CO92yb2KbN7x1P8Fgk,192.168.0.4,8443,10.0.1.6,57412,tcp,,0 days 00:00:00.008177999,1823,0,SH,,,0,HADF,6,2075,0,0,
2020-04-30 00:44:03.190691072,CdNhiz3ZVi23jhC3X3,192.168.0.4,8443,10.0.1.6,57413,tcp,,0 days 00:00:00.012853,1823,0,SH,,,0,HADF,6,2075,0,0,
2020-04-30 00:44:03.205550848,CthX6a2EtrOxu0i836,192.168.0.4,8443,10.0.1.6,57414,tcp,,0 days 00:00:00.007550,1823,0,SH,,,0,HADF,6,2075,0,0,
2020-04-30 00:44:03.214544128,CgrmBL2olF6Ifxfb47,192.168.0.4,8443,10.0.1.6,57415,tcp,,0 days 00:00:00.010001,1823,0,SH,,,0,HADF,6,2075,0,0,
2020-04-30 00:44:03.338188800,CduWY6TPlqvXlr8V1,192.168.0.4,8443,10.0.1.6,57416,tcp,,0 days 00:00:00.009658,1823,0,SH,,,0,HADF,6,2075,0,0,
2020-04-30 00:44:03.349239040,CJ24Ro1NW7KhOYVoY9,192.168.0.4,8443,10.0.1.6,57417,tcp,,0 days 00:00:00.008484,1823,0,SH,,,0,HADF,6,2075,0,0,
2020-04-30 00:44:03.556512000,CVq8sd1b82xEUA74u3,192.168.0.4,8443,10.0.1.6,57418,tcp,,0 days 00:00:00.007125,1823,0,SH,,,0,HADF,6,2075,0,0,
2020-04-30 00:44:03.856619008,C5M0Pd3BwJCPiN6gOa,192.168.0.4,8443,10.0.1.6,57419,tcp,,0 days 00:00:00.007825,1823,0,SH,,,0,HADF,6,2075,0,0,
2020-04-30 00:44:04.260192000,CcepSw1O1sTx8x98l6,192.168.0.4,8443,10.0.1.6,57420,tcp,,0 days 00:00:00.010215,1823,0,SH,,,0,HADF,6,2075,0,0,
2020-04-30 00:44:04.775979008,CVbfzr4cLr2QPvEDl5,192.168.0.4,8443,10.0.1.6,57421,tcp,,0 days 00:00:00.009460,1823,0,SH,,,0,HADF,6,2075,0,0,
2020-04-30 00:44:05.384968960,CfyYA2n5N2l1fjIZ8,192.168.0.4,8443,10.0.1.6,57422,tcp,,0 days 00:00:00.008121,1823,0,SH,,,0,HADF,6,2075,0,0,
2020-04-30 00:44:06.096321024,CK4tsw3cntEA0OWn4,192.168.0.4,8443,10.0.1.6,57423,tcp,,0 days 00:00:00.008513,1823,0,SH,,,0,HADF,6,2075,0,0,
2020-04-30 00:44:06.900932096,C6t7yf1IGusjkEGNug,192.168.0.4,8443,10.0.1.6,57424,tcp,,0 days 00:00:00.008511,1823,0,SH,,,0,HADF,6,2075,0,0,
2020-04-30 00:44:07.812798976,CNFvia4hpgyeGIPrkl,192.168.0.4,8443,10.0.1.6,57425,tcp,,0 days 00:00:00.007815,1823,0,SH,,,0,HADF,6,2075,0,0,
2020-04-30 00:44:08.812905984,CQhw4GTpxkHNCLYHe,192.168.0.4,8443,10.0.1.6,57426,tcp,,0 days 00:00:00.007453,1823,0,SH,,,0,HADF,6,2075,0,0,
2020-04-30 00:44:09.913230848,CzKkOH3sEpbo2XlgP2,192.168.0.4,8443,10.0.1.6,57427,tcp,,0 days 00:00:00.009359,1823,0,SH,,,0,HADF,6,2075,0,0,
2020-04-30 00:44:11.119676160,Cj30Yy385OjyAjyp7b,192.168.0.4,8443,10.0.1.6,57428,tcp,,0 days 00:00:00.008130,1993,0,SH,,,0,HADF,6,2245,0,0,
2020-04-30 00:44:11.132108032,CCIKYw4yTuyZokxV06,192.168.0.4,8443,10.0.1.6,57429,tcp,,0 days 00:00:00.008206,1823,0,SH,,,0,HADF,6,2075,0,0,
2020-04-30 00:44:11.141809920,CZTyHBEHjlbJMdjl3,192.168.0.4,8443,10.0.1.6,57430,tcp,,0 days 00:00:00.006895,1823,0,SH,,,0,HADF,6,2075,0,0,
2020-04-30 00:44:11.150988032,CxDoRb46s8whtSbbc5,192.168.0.4,8443,10.0.1.6,57431,tcp,,0 days 00:00:00.006863,1823,0,SH,,,0,HADF,6,2075,0,0,
2020-04-30 00:44:11.159085056,CddFSz3kv0iuGlLBZh,192.168.0.4,8443,10.0.1.6,57432,tcp,,0 days 00:00:00.006054,1823,0,SH,,,0,HADF,6,2075,0,0,
2020-04-30 00:44:11.276225024,CAHnZtvvYKSvp7YJ9,192.168.0.4,8443,10.0.1.6,57433,tcp,,0 days 00:00:00.054151,1947,0,SH,,,0,HADF,7,2239,0,0,
2020-04-30 00:44:11.332741888,C7TTHk3I8JUgiGyUrk,192.168.0.4,8443,10.0.1.6,57434,tcp,,0 days 00:00:00.009293,1823,0,SH,,,0,HADF,6,2075,0,0,
2020-04-30 00:44:11.343395072,C1Vj8d1Z02HB57X0Ij,192.168.0.4,8443,10.0.1.6,57435,tcp,,0 days 00:00:00.006627,1823,0,SH,,,0,HADF,6,2075,0,0,
2020-04-30 00:44:11.351347968,CRY81dva6UfRnCyqa,192.168.0.4,8443,10.0.1.6,57436,tcp,,0 days 00:00:00.006912,1823,0,SH,,,0,HADF,6,2075,0,0,
2020-04-30 00:44:11.463116800,CPXecPXpFhojhWiea,192.168.0.4,8443,10.0.1.6,57437,tcp,,0 days 00:00:00.008064999,1823,0,SH,,,0,HADF,6,2075,0,0,
2020-04-30 00:44:11.666460160,CrFjoo4FRLP4OJAXoc,192.168.0.4,8443,10.0.1.6,57438,tcp,,0 days 00:00:00.007880,1823,0,SH,,,0,HADF,6,2075,0,0,
2020-04-30 00:44:11.966535936,CEvbEf3sAZ1LECB5ac,192.168.0.4,8443,10.0.1.6,57439,tcp,,0 days 00:00:00.007617,1823,0,SH,,,0,HADF,6,2075,0,0,
2020-04-30 00:44:12.370076928,CMywjV3f4I3dzLDh9f,192.168.0.4,8443,10.0.1.6,57440,tcp,,0 days 00:00:00.007632,1823,0,SH,,,0,HADF,6,2075,0,0,
2020-04-30 00:44:12.870265856,CtGrXJ2UlTI36qRQE5,192.168.0.4,8443,10.0.1.6,57441,tcp,,0 days 00:00:00.008517,1823,0,SH,,,0,HADF,6,2075,0,0,
2020-04-30 00:44:13.485414144,C8m2wDYLYWIoi9ekd,192.168.0.4,8443,10.0.1.6,57442,tcp,,0 days 00:00:00.007658,1823,0,SH,,,0,HADF,6,2075,0,0,
2020-04-30 00:44:14.191828992,CJRYYo12u9Mgw70zek,192.168.0.4,8443,10.0.1.6,57443,tcp,,0 days 00:00:00.007806,1823,0,SH,,,0,HADF,6,2075,0,0,
2020-04-30 00:44:15.003834880,CNsFd54emuvi55oVI2,192.168.0.4,8443,10.0.1.6,57444,tcp,,0 days 00:00:00.009915,1823,0,SH,,,0,HADF,6,2075,0,0,
2020-04-30 00:44:15.904453888,Cq4fqn4E3h5xyREpQe,192.168.0.4,8443,10.0.1.6,57445,tcp,,0 days 00:00:00.009518,1823,0,SH,,,0,HADF,6,2075,0,0,
2020-04-30 00:44:16.916915968,C5un7K28kKuTtqdaJ2,192.168.0.4,8443,10.0.1.6,57446,tcp,,0 days 00:00:00.008993,1823,0,SH,,,0,HADF,6,2075,0,0,
2020-04-30 00:44:18.016525056,C91fpkLYg3sgZrMW5,192.168.0.4,8443,10.0.1.6,57447,tcp,,0 days 00:00:00.008481,1823,0,SH,,,0,HADF,6,2075,0,0,
2020-04-30 00:44:19.216764928,C5b7Yw4jRd0oCayQoj,192.168.0.4,8443,10.0.1.6,57448,tcp,,0 days 00:00:00.010102,1962,0,SH,,,0,HADF,6,2214,0,0,
2020-04-30 00:44:19.229337856,C9zGx91MK3ZMLgJGgg,192.168.0.4,8443,10.0.1.6,57449,tcp,,0 days 00:00:00.006969,1823,0,SH,,,0,HADF,6,2075,0,0,
2020-04-30 00:44:19.238105088,C24GkJ2g8Fy2UlusFk,192.168.0.4,8443,10.0.1.6,57450,tcp,,0 days 00:00:00.006165,1823,0,SH,,,0,HADF,6,2075,0,0,
2020-04-30 00:44:19.245520128,CoDjZE2mY0JgViivI6,192.168.0.4,8443,10.0.1.6,57451,tcp,,0 days 00:00:00.007794,1823,0,SH,,,0,HADF,7,2115,0,0,
2020-04-30 00:44:19.253686016,CFbCXQ1JSllugRmA7f,192.168.0.4,8443,10.0.1.6,57452,tcp,,0 days 00:00:00.007528,1823,0,SH,,,0,HADF,6,2075,0,0,
2020-04-30 00:44:19.354579968,CQr2BZ3T8vmksML84,192.168.0.4,8443,10.0.1.6,57453,tcp,,0 days 00:00:00.007845,1823,0,SH,,,0,HADF,6,2075,0,0,
2020-04-30 00:44:19.558049024,CYnNL04yG3F7reOJR9,192.168.0.4,8443,10.0.1.6,57454,tcp,,0 days 00:00:00.009707,1823,0,SH,,,0,HADF,6,2075,0,0,
2020-04-30 00:44:19.858007808,Cg1zCy10oiCdlXmrh6,192.168.0.4,8443,10.0.1.6,57455,tcp,,0 days 00:00:00.008685,1823,0,SH,,,0,HADF,6,2075,0,0,
2020-04-30 00:44:20.264488960,CgAukV2iqS69csSIfj,192.168.0.4,8443,10.0.1.6,57456,tcp,,0 days 00:00:00.009255,1823,0,SH,,,0,HADF,6,2075,0,0,
2020-04-30 00:44:20.764967936,CGAzSA25rxq4SEnhfb,192.168.0.4,8443,10.0.1.6,57457,tcp,,0 days 00:00:00.022218,1823,0,SH,,,0,HADF,7,2115,0,0,
2020-04-30 00:44:21.390402048,CXt8Cn1SUm8NhuagU4,192.168.0.4,8443,10.0.1.6,57458,tcp,,0 days 00:00:00.010200,1823,0,SH,,,0,HADF,6,2075,0,0,
2020-04-30 00:44:22.105137152,CILYeeHz53jEs8GVj,192.168.0.4,8443,10.0.1.6,57459,tcp,,0 days 00:00:00.008930,1823,0,SH,,,0,HADF,6,2075,0,0,
2020-04-30 00:44:22.905863168,CRyPqM1CpssEb4KHj9,192.168.0.4,8443,10.0.1.6,57460,tcp,,0 days 00:00:00.008187,1823,0,SH,,,0,HADF,6,2075,0,0,
2020-04-30 00:44:23.813775104,Cfi0Qk1JK83QxqAlK2,192.168.0.4,8443,10.0.1.6,57461,tcp,,0 days 00:00:00.008384,1823,0,SH,,,0,HADF,6,2075,0,0,
2020-04-30 00:44:24.818820864,C4DZtr1idKxWZJE9O6,192.168.0.4,8443,10.0.1.6,57462,tcp,,0 days 00:00:00.009052,1823,0,SH,,,0,HADF,6,2075,0,0,
2020-04-30 00:44:25.917899008,Cyd8gQsSv5OMwKDtj,192.168.0.4,8443,10.0.1.6,57463,tcp,,0 days 00:00:00.009612,1823,0,SH,,,0,HADF,6,2075,0,0,
2020-04-30 00:44:27.120217088,CqgUy5J6zeFOd4z46,192.168.0.4,8443,10.0.1.6,57464,tcp,,0 days 00:00:00.011699,1823,0,SH,,,0,HADF,6,2075,0,0,
2020-04-30 00:44:28.434499072,C2htDq30vR4esuGWS4,192.168.0.4,8443,10.0.1.6,57465,tcp,,0 days 00:00:00.009940,1823,0,SH,,,0,HADF,6,2075,0,0,
2020-04-30 00:44:29.847703040,CG9kwY1TLlyvOwzZRe,192.168.0.4,8443,10.0.1.6,57466,tcp,,0 days 00:00:00.008154,1823,0,SH,,,0,HADF,6,2075,0,0,
2020-04-30 00:44:31.348174080,CMVLII3Dc3bz8cjL7,192.168.0.4,8443,10.0.1.6,57467,tcp,,0 days 00:00:00.011268,1823,0,SH,,,0,HADF,6,2075,0,0,
2020-04-30 00:44:32.956654080,CflEJb2BcjKgoFwuM3,192.168.0.4,8443,10.0.1.6,57468,tcp,,0 days 00:00:00.010302,1823,0,SH,,,0,HADF,6,2075,0,0,
2020-04-30 00:44:34.668987904,CO4zTQ1ZFbwFTgQhXh,192.168.0.4,8443,10.0.1.6,57469,tcp,,0 days 00:00:00.008755,1823,0,SH,,,0,HADF,6,2075,0,0,
2020-04-30 00:44:36.478950144,C8XfpD3Q7tY6Q77Tf8,192.168.0.4,8443,10.0.1.6,57470,tcp,,0 days 00:00:00.021571,1823,0,SH,,,0,HADF,6,2075,0,0,
2020-04-30 00:44:38.393784064,CFUwei47BYo38QIIK7,192.168.0.4,8443,10.0.1.6,57471,tcp,,0 days 00:00:00.009979,1823,0,SH,,,0,HADF,6,2075,0,0,
2020-04-30 00:44:40.408099840,C60z7C19LAGCY7ZXi5,192.168.0.4,8443,10.0.1.6,57472,tcp,,0 days 00:00:00.008489,1823,0,SH,,,0,HADF,6,2075,0,0,
2020-04-30 00:44:42.514156032,C9UHp71L5PTRbtoBkc,192.168.0.4,8443,10.0.1.6,57473,tcp,,0 days 00:00:00.023302,1823,0,SH,,,0,HADF,6,2075,0,0,
2020-04-30 00:44:44.738658816,CCiHxOTMnLS52zRta,192.168.0.4,8443,10.0.1.6,57474,tcp,,0 days 00:00:00.009453,1919,0,SH,,,0,HADF,6,2171,0,0,
2020-04-30 00:44:44.749864960,CGqVjfS04piUFWFwi,192.168.0.4,8443,10.0.1.6,57475,tcp,,0 days 00:00:00.007529,1823,0,SH,,,0,HADF,6,2075,0,0,
2020-04-30 00:44:45.002053888,CgpDl2QB30brB47G4,10.0.1.4,60878,10.0.1.6,135,tcp,dce_rpc,0 days 00:00:00.053925,328,0,S0,,,0,SAD,5,540,0,0,
2020-04-30 00:44:45.006002944,CAqU8N1aRvPF5vb0Fc,10.0.1.4,60879,10.0.1.6,55121,tcp,,0 days 00:00:03.024379,0,0,S0,,,0,S,3,156,0,0,
2020-04-30 00:44:52.031084032,CzQYj52bTKSw2lV4lc,10.0.1.4,60879,10.0.1.6,55121,tcp,,,,,S0,,,0,S,1,52,0,0,
2020-04-30 00:43:59.017381888,Cudid63eQW8PS9Naya,10.0.0.4,123,10.0.1.6,123,udp,,,,,S0,,,0,D,1,148,0,0,
2020-04-30 00:45:00.042547968,CSr4QM37Yw8rhLWWX8,10.0.1.4,60879,10.0.1.6,55121,tcp,,,,,S0,,,0,S,1,52,0,0,
2020-04-30 00:45:06.011499776,COeu7I3T77d6ZdapJ3,10.0.1.4,60878,10.0.1.6,135,tcp,,,,,OTH,,,0,R,1,40,0,0,
2020-04-30 00:40:33.180422144,CwBBRd2pJNlZ1u0Dyh,10.0.1.4,60853,10.0.1.6,445,tcp,"dce_rpc,smb",0 days 00:04:43.557680,27893,0,OTH,,,0,DACTR,78,12270,0,0,
